amount,merchant_type_clothing,merchant_type_electronics,merchant_type_groceries,merchant_type_others,merchant_type_travel,device_type_desktop,device_type_mobile,device_type_tablet,label
0.6755338270184775,0.0,0.0,1.0,0.0,0.0,0.0,1.0,0.0,0
2.146811417068086,0.0,0.0,0.0,1.0,0.0,0.0,1.0,0.0,0
0.44354973997651403,1.0,0.0,0.0,0.0,0.0,1.0,0.0,0.0,0
-0.11848443453878785,0.0,0.0,0.0,0.0,1.0,0.0,1.0,0.0,0
-0.2622762240276081,0.0,0.0,0.0,0.0,1.0,0.0,0.0,1.0,0
-0.2100318738466701,0.0,1.0,0.0,0.0,0.0,0.0,0.0,1.0,0
1.2923047427325236,0.0,0.0,0.0,1.0,0.0,0.0,0.0,1.0,0
0.9759628058571189,0.0,1.0,0.0,0.0,0.0,1.0,0.0,0.0,0
-0.28633738346873727,0.0,1.0,0.0,0.0,0.0,0.0,0.0,1.0,0
-0.6422699930500636,0.0,0.0,1.0,0.0,0.0,0.0,0.0,1.0,0
-0.5114194646152372,1.0,0.0,0.0,0.0,0.0,0.0,0.0,1.0,0
0.03393486231936163,1.0,0.0,0.0,0.0,0.0,1.0,0.0,0.0,0
-0.38775852565485186,0.0,1.0,0.0,0.0,0.0,1.0,0.0,0.0,0
-0.06556905600690205,0.0,1.0,0.0,0.0,0.0,0.0,1.0,0.0,0
0.2699451194670118,1.0,0.0,0.0,0.0,0.0,1.0,0.0,0.0,0
0.2219186617777459,0.0,1.0,0.0,0.0,0.0,1.0,0.0,0.0,0
0.09461499748364374,0.0,0.0,0.0,1.0,0.0,1.0,0.0,0.0,0
-0.49521892299949677,0.0,1.0,0.0,0.0,0.0,1.0,0.0,0.0,0
1.558127830900856,0.0,0.0,0.0,1.0,0.0,1.0,0.0,0.0,0
0.6422699930500635,0.0,1.0,0.0,0.0,0.0,1.0,0.0,0.0,0
-0.2848994655738491,0.0,0.0,0.0,1.0,0.0,0.0,1.0,0.0,0
1.1631797157715629,0.0,0.0,0.0,0.0,1.0,1.0,0.0,0.0,0
-0.6405444915761979,0.0,0.0,1.0,0.0,0.0,1.0,0.0,0.0,0
0.7977568480839746,0.0,0.0,0.0,1.0,0.0,1.0,0.0,0.0,0
-0.16900328324586006,0.0,0.0,0.0,0.0,1.0,0.0,0.0,1.0,0
-0.6382438229443766,1.0,0.0,0.0,0.0,0.0,0.0,0.0,1.0,0
-0.5094063795623938,0.0,0.0,1.0,0.0,0.0,1.0,0.0,0.0,0
0.1303712224698636,0.0,0.0,1.0,0.0,0.0,0.0,1.0,0.0,0
-0.6175378052579865,0.0,0.0,0.0,1.0,0.0,1.0,0.0,0.0,0
3.5015217964387575,0.0,0.0,0.0,0.0,1.0,0.0,0.0,1.0,0
0.8868118963740506,0.0,0.0,0.0,0.0,1.0,0.0,0.0,1.0,1
-0.1650729743331656,0.0,0.0,0.0,1.0,0.0,1.0,0.0,0.0,0
-0.07218347832338776,0.0,0.0,1.0,0.0,0.0,0.0,1.0,0.0,0
0.9229515661322406,0.0,0.0,0.0,0.0,1.0,1.0,0.0,0.0,0
0.18127351594890598,0.0,0.0,0.0,1.0,0.0,0.0,0.0,1.0,0
-0.33148800536822687,0.0,0.0,0.0,1.0,0.0,0.0,0.0,1.0,0
1.0797804778680473,0.0,0.0,0.0,1.0,0.0,0.0,0.0,1.0,0
0.2034174515301843,0.0,1.0,0.0,0.0,0.0,0.0,1.0,0.0,0
0.755577923167254,1.0,0.0,0.0,0.0,0.0,0.0,0.0,1.0,0
-0.16785294892994945,0.0,0.0,0.0,0.0,1.0,0.0,0.0,1.0,0
-0.31998466220912125,0.0,0.0,0.0,1.0,0.0,0.0,1.0,0.0,0
0.9973398518944571,0.0,0.0,0.0,1.0,0.0,0.0,1.0,0.0,0
0.2745464567306541,1.0,0.0,0.0,0.0,0.0,0.0,1.0,0.0,0
-0.5299206748627988,0.0,1.0,0.0,0.0,0.0,0.0,0.0,1.0,0
-0.07582620365710456,0.0,1.0,0.0,0.0,0.0,0.0,1.0,0.0,0
0.07764756632396286,1.0,0.0,0.0,0.0,0.0,0.0,1.0,0.0,0
-0.3205598293670765,0.0,1.0,0.0,0.0,0.0,1.0,0.0,0.0,0
0.18673760394948122,0.0,1.0,0.0,0.0,0.0,1.0,0.0,0.0,0
-0.18894241138830978,1.0,0.0,0.0,0.0,0.0,1.0,0.0,0.0,0
-0.6274115081362189,0.0,1.0,0.0,0.0,0.0,1.0,0.0,0.0,0
1.4972559733505886,0.0,0.0,0.0,1.0,0.0,0.0,1.0,0.0,0
0.12337335538140778,0.0,0.0,1.0,0.0,0.0,0.0,0.0,1.0,0
0.7157955280753471,0.0,0.0,1.0,0.0,0.0,0.0,0.0,1.0,0
0.4883169171040334,0.0,0.0,1.0,0.0,0.0,0.0,0.0,1.0,1
1.172669973877825,0.0,0.0,1.0,0.0,0.0,0.0,0.0,1.0,0
-0.25834591511491367,0.0,1.0,0.0,0.0,0.0,0.0,1.0,0.0,0
-0.595873175641671,1.0,0.0,0.0,0.0,0.0,0.0,1.0,0.0,0
2.0914036475183937,0.0,0.0,1.0,0.0,0.0,0.0,0.0,1.0,0
-0.06115944112924489,0.0,0.0,1.0,0.0,0.0,1.0,0.0,0.0,0
-0.5088312124044384,0.0,1.0,0.0,0.0,0.0,1.0,0.0,0.0,1
-0.09471085867663627,0.0,0.0,0.0,0.0,1.0,0.0,1.0,0.0,0
0.35219402305461694,0.0,1.0,0.0,0.0,0.0,0.0,0.0,1.0,1
-0.2914180266973423,0.0,0.0,0.0,0.0,1.0,1.0,0.0,0.0,0
0.7653557648524936,1.0,0.0,0.0,0.0,0.0,1.0,0.0,0.0,0
-0.5506266925491888,1.0,0.0,0.0,0.0,0.0,0.0,0.0,1.0,0
1.9063915450427784,1.0,0.0,0.0,0.0,0.0,0.0,1.0,0.0,0
-0.10621420183574184,0.0,1.0,0.0,0.0,0.0,0.0,1.0,0.0,0
-0.5696072087617131,0.0,0.0,0.0,0.0,1.0,0.0,0.0,1.0,0
0.3914012509885686,1.0,0.0,0.0,0.0,0.0,0.0,0.0,1.0,1
-0.5808229683418411,0.0,0.0,0.0,0.0,1.0,0.0,1.0,0.0,0
2.766937474536871,0.0,1.0,0.0,0.0,0.0,0.0,1.0,0.0,0
-0.4901382797708918,1.0,0.0,0.0,0.0,0.0,1.0,0.0,0.0,0
3.2182519711457815,1.0,0.0,0.0,0.0,0.0,0.0,1.0,0.0,0
1.0439283916888347,0.0,0.0,0.0,1.0,0.0,0.0,1.0,0.0,0
-0.4572578905744483,0.0,0.0,0.0,1.0,0.0,1.0,0.0,0.0,0
1.5948426678170013,1.0,0.0,0.0,0.0,0.0,0.0,1.0,0.0,0
0.3349390083159585,0.0,0.0,0.0,1.0,0.0,0.0,1.0,0.0,0
1.5172909626860307,0.0,1.0,0.0,0.0,0.0,0.0,0.0,1.0,0
-0.37932274067150773,0.0,0.0,0.0,0.0,1.0,0.0,1.0,0.0,0
-0.31011095933088895,0.0,0.0,1.0,0.0,0.0,0.0,1.0,0.0,0
1.5402976490042422,0.0,1.0,0.0,0.0,0.0,0.0,1.0,0.0,0
0.09250605123780772,1.0,0.0,0.0,0.0,0.0,1.0,0.0,0.0,0
-0.11915546288973568,1.0,0.0,0.0,0.0,0.0,0.0,0.0,1.0,0
0.2848994655738491,0.0,0.0,1.0,0.0,0.0,1.0,0.0,0.0,0
-0.12404438373235555,0.0,0.0,1.0,0.0,0.0,0.0,1.0,0.0,0
-0.42121408200925065,1.0,0.0,0.0,0.0,0.0,0.0,0.0,1.0,0
1.6068253169410696,1.0,0.0,0.0,0.0,0.0,1.0,0.0,0.0,0
-0.6087185755026723,0.0,1.0,0.0,0.0,0.0,1.0,0.0,0.0,0
2.695041579792461,1.0,0.0,0.0,0.0,0.0,0.0,0.0,1.0,0
0.2141539051453496,1.0,0.0,0.0,0.0,0.0,0.0,1.0,0.0,0
-0.24281640185012104,0.0,1.0,0.0,0.0,0.0,0.0,0.0,1.0,0
-0.28020226711721435,0.0,0.0,0.0,1.0,0.0,0.0,0.0,1.0,0
0.17139981307067365,0.0,0.0,0.0,1.0,0.0,0.0,1.0,0.0,0
2.1974261269681508,0.0,0.0,0.0,0.0,1.0,0.0,0.0,1.0,0
-0.07620964842907474,1.0,0.0,0.0,0.0,0.0,0.0,0.0,1.0,0
-0.41239485225393635,1.0,0.0,0.0,0.0,0.0,0.0,1.0,0.0,0
1.0467083662856187,0.0,0.0,0.0,0.0,1.0,0.0,0.0,1.0,0
-0.5121863541591776,0.0,0.0,0.0,1.0,0.0,0.0,1.0,0.0,0
0.5638555371821603,0.0,0.0,0.0,0.0,1.0,1.0,0.0,0.0,0
0.2639058643084814,0.0,0.0,1.0,0.0,0.0,1.0,0.0,0.0,0
1.291346130802598,0.0,1.0,0.0,0.0,0.0,1.0,0.0,0.0,0
1.4387806456251349,0.0,1.0,0.0,0.0,0.0,1.0,0.0,0.0,0
1.2530016536055792,0.0,0.0,0.0,0.0,1.0,1.0,0.0,0.0,0
-0.6171543604860164,0.0,0.0,1.0,0.0,0.0,0.0,0.0,1.0,1
0.8889208426198866,0.0,1.0,0.0,0.0,0.0,0.0,0.0,1.0,0
0.7294078174802886,0.0,0.0,1.0,0.0,0.0,1.0,0.0,0.0,0
-0.03355141754739138,0.0,0.0,0.0,0.0,1.0,0.0,1.0,0.0,0
-0.40702662544635376,1.0,0.0,0.0,0.0,0.0,1.0,0.0,0.0,0
1.220696431567091,0.0,0.0,1.0,0.0,0.0,1.0,0.0,0.0,0
-0.11742996141586984,1.0,0.0,0.0,0.0,0.0,1.0,0.0,0.0,0
1.5542933831811538,0.0,0.0,0.0,1.0,0.0,0.0,0.0,1.0,0
-0.6464878855417356,0.0,0.0,1.0,0.0,0.0,0.0,1.0,0.0,0
1.9842308337527266,0.0,0.0,0.0,1.0,0.0,1.0,0.0,0.0,0
-0.5333716778105304,0.0,1.0,0.0,0.0,0.0,1.0,0.0,0.0,0
-0.5513935820931293,1.0,0.0,0.0,0.0,0.0,1.0,0.0,0.0,0
1.519591631317852,0.0,0.0,1.0,0.0,0.0,0.0,0.0,1.0,0
-0.4663647039087403,0.0,1.0,0.0,0.0,0.0,0.0,0.0,1.0,0
1.2812807055383808,0.0,0.0,0.0,1.0,0.0,1.0,0.0,0.0,0
-0.3206556905600691,0.0,0.0,0.0,1.0,0.0,0.0,0.0,1.0,0
-0.4280202267117216,0.0,1.0,0.0,0.0,0.0,0.0,1.0,0.0,0
-0.23025858556809747,0.0,0.0,0.0,1.0,0.0,0.0,1.0,0.0,0
2.691494715651737,0.0,0.0,0.0,0.0,1.0,0.0,1.0,0.0,0
1.3133942051908838,0.0,1.0,0.0,0.0,0.0,0.0,1.0,0.0,0
0.26984925827401934,0.0,0.0,0.0,1.0,0.0,1.0,0.0,0.0,0
-0.09912047355429343,0.0,0.0,1.0,0.0,0.0,1.0,0.0,0.0,0
0.15759580127974693,0.0,0.0,0.0,0.0,1.0,0.0,0.0,1.0,0
0.4518896637668657,0.0,0.0,0.0,1.0,0.0,1.0,0.0,0.0,0
-0.648309248208594,0.0,0.0,0.0,1.0,0.0,1.0,0.0,0.0,0
-0.2878711625566181,0.0,0.0,0.0,0.0,1.0,0.0,0.0,1.0,0
-0.36609389603853626,0.0,0.0,0.0,1.0,0.0,0.0,0.0,1.0,0
-0.497519591631318,0.0,0.0,0.0,0.0,1.0,0.0,0.0,1.0,0
0.07592206485009709,0.0,0.0,0.0,1.0,0.0,0.0,1.0,0.0,0
-0.6355597095405853,1.0,0.0,0.0,0.0,0.0,0.0,1.0,0.0,0
-0.4316629520454383,0.0,0.0,0.0,1.0,0.0,0.0,0.0,1.0,0
-0.004697198456634744,0.0,1.0,0.0,0.0,0.0,1.0,0.0,0.0,0
-0.21194909770652098,0.0,0.0,1.0,0.0,0.0,0.0,0.0,1.0,0
0.059913245620341754,0.0,0.0,0.0,1.0,0.0,0.0,0.0,1.0,0
1.4852733242265201,0.0,0.0,1.0,0.0,0.0,1.0,0.0,0.0,0
2.9162892132192595,0.0,0.0,0.0,0.0,1.0,1.0,0.0,0.0,0
-0.4273491983607737,1.0,0.0,0.0,0.0,0.0,0.0,0.0,1.0,0
1.038368442495267,0.0,0.0,0.0,0.0,1.0,1.0,0.0,0.0,0
0.9381934958180556,1.0,0.0,0.0,0.0,0.0,1.0,0.0,0.0,0
-0.5703740983056536,0.0,1.0,0.0,0.0,0.0,1.0,0.0,0.0,0
-0.18060248759795822,0.0,0.0,0.0,0.0,1.0,0.0,0.0,1.0,0
-0.5585831715675703,0.0,0.0,0.0,1.0,0.0,1.0,0.0,0.0,0
-0.5866705011143865,0.0,0.0,0.0,1.0,0.0,0.0,0.0,1.0,0
1.6650130610875455,0.0,1.0,0.0,0.0,0.0,1.0,0.0,0.0,0
0.12682435832913946,0.0,0.0,0.0,0.0,1.0,0.0,0.0,1.0,0
-0.3931267524624345,0.0,0.0,1.0,0.0,0.0,0.0,1.0,0.0,0
-0.39993289716490527,0.0,0.0,1.0,0.0,0.0,0.0,0.0,1.0,0
-0.35248160663359457,0.0,1.0,0.0,0.0,0.0,0.0,1.0,0.0,0
0.03326383396841373,0.0,0.0,0.0,0.0,1.0,1.0,0.0,0.0,0
-0.37510484817983564,0.0,0.0,0.0,1.0,0.0,0.0,0.0,1.0,0
0.5271407002660149,0.0,0.0,1.0,0.0,0.0,0.0,0.0,1.0,0
-0.3486471589138928,0.0,1.0,0.0,0.0,0.0,0.0,0.0,1.0,0
0.25297768830733103,0.0,0.0,0.0,0.0,1.0,0.0,0.0,1.0,0
0.6528147242792438,0.0,0.0,1.0,0.0,0.0,0.0,0.0,1.0,0
2.0358041555827167,1.0,0.0,0.0,0.0,0.0,1.0,0.0,0.0,0
0.2983200325928057,0.0,0.0,0.0,0.0,1.0,1.0,0.0,0.0,0
2.5233541831428097,0.0,0.0,0.0,1.0,0.0,0.0,1.0,0.0,0
0.1478179595945072,1.0,0.0,0.0,0.0,0.0,1.0,0.0,0.0,0
-0.32957078150837593,0.0,0.0,1.0,0.0,0.0,0.0,1.0,0.0,1
-0.6181129724159419,0.0,0.0,0.0,1.0,0.0,0.0,0.0,1.0,0
0.7772425527835695,0.0,0.0,0.0,0.0,1.0,0.0,1.0,0.0,0
2.4859683178757166,1.0,0.0,0.0,0.0,0.0,0.0,0.0,1.0,0
0.9621587940661922,0.0,0.0,0.0,1.0,0.0,0.0,1.0,0.0,0
1.7906870851007746,1.0,0.0,0.0,0.0,0.0,0.0,1.0,0.0,0
0.7213554772689146,0.0,0.0,0.0,1.0,0.0,1.0,0.0,0.0,0
0.2751216238886094,0.0,1.0,0.0,0.0,0.0,0.0,0.0,1.0,0
-0.3668607855824766,0.0,0.0,0.0,1.0,0.0,1.0,0.0,0.0,0
-0.003738586526709331,0.0,0.0,1.0,0.0,0.0,1.0,0.0,0.0,0
-0.3232439427708678,0.0,0.0,0.0,1.0,0.0,0.0,1.0,0.0,0
1.3293071632276467,0.0,0.0,0.0,1.0,0.0,0.0,1.0,0.0,0
-0.20725189924988618,0.0,0.0,1.0,0.0,0.0,0.0,1.0,0.0,0
-0.36724423035444687,0.0,0.0,1.0,0.0,0.0,0.0,1.0,0.0,0
-0.4331008699403265,0.0,0.0,0.0,0.0,1.0,0.0,1.0,0.0,0
0.11637548829295183,0.0,0.0,0.0,1.0,0.0,0.0,0.0,1.0,0
0.6201260574687855,0.0,0.0,0.0,0.0,1.0,1.0,0.0,0.0,0
-0.3252570278237113,1.0,0.0,0.0,0.0,0.0,1.0,0.0,0.0,0
-0.5126656601241404,1.0,0.0,0.0,0.0,0.0,0.0,1.0,0.0,0
-0.5256069211781341,0.0,1.0,0.0,0.0,0.0,1.0,0.0,0.0,0
0.9727035252953726,1.0,0.0,0.0,0.0,0.0,0.0,1.0,0.0,0
-0.5350971792843963,1.0,0.0,0.0,0.0,0.0,0.0,0.0,1.0,0
0.9002324633930072,0.0,0.0,0.0,0.0,1.0,0.0,1.0,0.0,0
0.6303832051189878,0.0,0.0,0.0,0.0,1.0,0.0,1.0,0.0,0
-0.5414240180219044,0.0,0.0,1.0,0.0,0.0,1.0,0.0,0.0,0
-0.4373187624319986,0.0,0.0,0.0,0.0,1.0,0.0,1.0,0.0,0
-0.5451626045486138,0.0,0.0,0.0,1.0,0.0,0.0,0.0,1.0,0
-0.14676348647158918,1.0,0.0,0.0,0.0,0.0,0.0,1.0,0.0,0
-0.5340427061614783,0.0,1.0,0.0,0.0,0.0,0.0,1.0,0.0,0
1.565221559182304,0.0,1.0,0.0,0.0,0.0,0.0,0.0,1.0,0
0.2413784839552328,0.0,0.0,0.0,0.0,1.0,1.0,0.0,0.0,0
-0.17446737124643522,0.0,1.0,0.0,0.0,0.0,1.0,0.0,0.0,0
1.9577731444867836,0.0,0.0,0.0,0.0,1.0,1.0,0.0,0.0,1
0.05071057109305732,0.0,0.0,0.0,0.0,1.0,0.0,0.0,1.0,1
0.1366022000143792,0.0,0.0,0.0,1.0,0.0,1.0,0.0,0.0,0
-0.5783305773240349,0.0,1.0,0.0,0.0,0.0,0.0,1.0,0.0,0
-0.16641503103506125,0.0,1.0,0.0,0.0,0.0,0.0,0.0,1.0,0
-0.5676899849018622,0.0,1.0,0.0,0.0,0.0,0.0,0.0,1.0,0
0.3089606250149784,0.0,0.0,0.0,0.0,1.0,1.0,0.0,0.0,0
1.4376303113092248,0.0,0.0,0.0,0.0,1.0,0.0,1.0,0.0,0
-0.46147578306612036,0.0,0.0,0.0,0.0,1.0,0.0,1.0,0.0,0
0.8210511179811634,1.0,0.0,0.0,0.0,0.0,1.0,0.0,0.0,0
1.4429026769238145,0.0,1.0,0.0,0.0,0.0,0.0,1.0,0.0,0
0.20217125602128125,0.0,0.0,0.0,1.0,0.0,1.0,0.0,0.0,0
2.513001174299615,0.0,0.0,0.0,1.0,0.0,0.0,0.0,1.0,0
1.4863277973494384,1.0,0.0,0.0,0.0,0.0,0.0,0.0,1.0,0
0.18539554724758556,0.0,0.0,1.0,0.0,0.0,0.0,0.0,1.0,0
0.6932681477220985,0.0,0.0,0.0,0.0,1.0,1.0,0.0,0.0,0
0.8696527428283848,0.0,0.0,1.0,0.0,0.0,0.0,1.0,0.0,0
0.016296402808732985,0.0,0.0,0.0,1.0,0.0,0.0,0.0,1.0,1
0.20993601265367756,1.0,0.0,0.0,0.0,0.0,0.0,0.0,1.0,0
-0.5209097227214994,0.0,1.0,0.0,0.0,0.0,0.0,0.0,1.0,0
0.678122079229276,0.0,0.0,0.0,0.0,1.0,1.0,0.0,0.0,0
1.0256189038272583,0.0,0.0,1.0,0.0,0.0,0.0,1.0,0.0,0
0.2826946581350205,1.0,0.0,0.0,0.0,0.0,1.0,0.0,0.0,0
0.9074220528674481,0.0,1.0,0.0,0.0,0.0,0.0,1.0,0.0,0
-0.3383900112636902,0.0,0.0,0.0,0.0,1.0,0.0,1.0,0.0,0
-0.201787811249311,0.0,0.0,0.0,0.0,1.0,0.0,0.0,1.0,0
-0.6285618424521295,0.0,0.0,1.0,0.0,0.0,0.0,0.0,1.0,0
-0.5775636877800945,0.0,1.0,0.0,0.0,0.0,1.0,0.0,0.0,0
0.04706784575934045,1.0,0.0,0.0,0.0,0.0,0.0,1.0,0.0,0
-0.5152539123349391,0.0,0.0,0.0,0.0,1.0,1.0,0.0,0.0,0
-0.5349054568984112,0.0,0.0,0.0,1.0,0.0,1.0,0.0,0.0,0
1.1429530040501357,0.0,0.0,0.0,0.0,1.0,1.0,0.0,0.0,0
0.2147290723033049,0.0,0.0,0.0,1.0,0.0,0.0,0.0,1.0,0
-0.5975986771155368,0.0,0.0,1.0,0.0,0.0,1.0,0.0,0.0,0
-0.6306707886979656,0.0,0.0,1.0,0.0,0.0,0.0,1.0,0.0,0
0.18616243679152591,1.0,0.0,0.0,0.0,0.0,1.0,0.0,0.0,0
-0.4788266589977713,0.0,0.0,0.0,1.0,0.0,0.0,1.0,0.0,0
1.0046253025618905,0.0,0.0,1.0,0.0,0.0,0.0,1.0,0.0,0
-0.3899633330936804,1.0,0.0,0.0,0.0,0.0,0.0,0.0,1.0,0
1.5236178014235389,0.0,0.0,1.0,0.0,0.0,0.0,1.0,0.0,0
0.06988280969156668,0.0,0.0,1.0,0.0,0.0,0.0,1.0,0.0,0
-0.4610923382941502,1.0,0.0,0.0,0.0,0.0,0.0,1.0,0.0,0
0.09681980492247222,0.0,0.0,0.0,1.0,0.0,1.0,0.0,0.0,0
0.5748795743763033,0.0,0.0,0.0,0.0,1.0,1.0,0.0,0.0,0
0.7063052699690848,1.0,0.0,0.0,0.0,0.0,0.0,1.0,0.0,0
0.12049751959163127,0.0,0.0,1.0,0.0,0.0,1.0,0.0,0.0,0
0.8390730222637621,0.0,0.0,1.0,0.0,0.0,1.0,0.0,0.0,0
-0.5379730150741727,0.0,0.0,0.0,0.0,1.0,0.0,0.0,1.0,0
-0.4534234428547464,0.0,0.0,0.0,1.0,0.0,0.0,1.0,0.0,0
0.16583986387710595,1.0,0.0,0.0,0.0,0.0,0.0,0.0,1.0,0
1.6182327989071827,1.0,0.0,0.0,0.0,0.0,0.0,1.0,0.0,0
-0.326599084525607,0.0,0.0,1.0,0.0,0.0,0.0,1.0,0.0,0
0.5231145301603278,0.0,0.0,0.0,1.0,0.0,0.0,1.0,0.0,0
-0.41258657463992143,0.0,0.0,0.0,1.0,0.0,0.0,0.0,1.0,1
0.021377046037337977,0.0,0.0,0.0,1.0,0.0,0.0,0.0,1.0,0
-0.24195365111318817,0.0,0.0,1.0,0.0,0.0,0.0,0.0,1.0,0
-0.5093105183694012,0.0,0.0,0.0,0.0,1.0,0.0,0.0,1.0,0
-0.45466963836364954,0.0,0.0,0.0,0.0,1.0,0.0,0.0,1.0,0
-0.5510101373211591,0.0,0.0,0.0,0.0,1.0,0.0,1.0,0.0,0
0.5106525750712968,0.0,0.0,0.0,1.0,0.0,0.0,0.0,1.0,0
1.1331751623648958,0.0,0.0,1.0,0.0,0.0,0.0,1.0,0.0,0
-0.6173460828720015,1.0,0.0,0.0,0.0,0.0,0.0,0.0,1.0,0
-0.49061758573585457,0.0,1.0,0.0,0.0,0.0,0.0,0.0,1.0,0
0.5672106789368995,1.0,0.0,0.0,0.0,0.0,0.0,1.0,0.0,0
-0.602200014379179,1.0,0.0,0.0,0.0,0.0,0.0,0.0,1.0,0
1.9340954298176243,0.0,1.0,0.0,0.0,0.0,0.0,1.0,0.0,0
0.18616243679152591,0.0,0.0,0.0,0.0,1.0,0.0,0.0,1.0,0
-0.5223476406163876,0.0,1.0,0.0,0.0,0.0,1.0,0.0,0.0,0
-0.35775397224818467,0.0,0.0,1.0,0.0,0.0,1.0,0.0,0.0,0
1.2739952548709468,0.0,1.0,0.0,0.0,0.0,0.0,1.0,0.0,0
-0.6314376782419059,0.0,0.0,0.0,0.0,1.0,1.0,0.0,0.0,0
-0.2033215903371918,0.0,0.0,0.0,0.0,1.0,0.0,0.0,1.0,0
-0.13957389699714817,0.0,0.0,0.0,1.0,0.0,1.0,0.0,0.0,1
0.6583746734728114,0.0,0.0,0.0,1.0,0.0,0.0,1.0,0.0,0
0.20715603805689364,1.0,0.0,0.0,0.0,0.0,0.0,0.0,1.0,0
-0.06949936491959643,0.0,0.0,0.0,1.0,0.0,0.0,1.0,0.0,0
2.214681141706809,0.0,0.0,0.0,1.0,0.0,1.0,0.0,0.0,0
-0.2761760970115274,0.0,0.0,0.0,1.0,0.0,1.0,0.0,0.0,0
2.051141946461524,0.0,0.0,0.0,0.0,1.0,0.0,1.0,0.0,0
-0.4969444244733627,0.0,0.0,0.0,0.0,1.0,0.0,1.0,0.0,0
-0.5789057444819902,0.0,1.0,0.0,0.0,0.0,0.0,1.0,0.0,0
-0.6133199127663145,0.0,0.0,0.0,1.0,0.0,0.0,0.0,1.0,0
-0.4671315934526806,0.0,1.0,0.0,0.0,0.0,0.0,0.0,1.0,0
0.27962709995925905,0.0,0.0,1.0,0.0,0.0,0.0,1.0,0.0,0
1.523809523809524,0.0,1.0,0.0,0.0,0.0,0.0,0.0,1.0,0
1.247825149183982,0.0,1.0,0.0,0.0,0.0,0.0,0.0,1.0,0
0.35104368873870645,0.0,0.0,1.0,0.0,0.0,1.0,0.0,0.0,1
-0.44412490713446934,0.0,0.0,0.0,1.0,0.0,1.0,0.0,0.0,0
-0.3461547678960865,0.0,0.0,0.0,1.0,0.0,1.0,0.0,0.0,0
0.2264241378483956,0.0,0.0,0.0,1.0,0.0,1.0,0.0,0.0,0
-0.2455963764469049,1.0,0.0,0.0,0.0,0.0,1.0,0.0,0.0,0
0.19162652479210102,1.0,0.0,0.0,0.0,0.0,0.0,1.0,0.0,0
-0.33321350684209267,0.0,0.0,0.0,0.0,1.0,0.0,1.0,0.0,0
-0.6285618424521295,0.0,0.0,0.0,0.0,1.0,1.0,0.0,0.0,0
1.3582572435113958,0.0,1.0,0.0,0.0,0.0,1.0,0.0,0.0,0
0.4724039590672707,0.0,0.0,1.0,0.0,0.0,1.0,0.0,0.0,0
2.4929661849641724,0.0,0.0,0.0,0.0,1.0,1.0,0.0,0.0,0
-0.3470175186330195,0.0,1.0,0.0,0.0,0.0,0.0,0.0,1.0,0
0.13305533587365492,1.0,0.0,0.0,0.0,0.0,1.0,0.0,0.0,0
0.4753756560500397,1.0,0.0,0.0,0.0,0.0,1.0,0.0,0.0,0
1.2437989790782948,0.0,1.0,0.0,0.0,0.0,0.0,0.0,1.0,0
1.0592661825676422,0.0,0.0,0.0,1.0,0.0,0.0,0.0,1.0,0
0.5089270735974311,0.0,1.0,0.0,0.0,0.0,0.0,1.0,0.0,0
-0.5393150717760683,0.0,1.0,0.0,0.0,0.0,0.0,1.0,0.0,0
-0.038248616004026126,0.0,1.0,0.0,0.0,0.0,0.0,0.0,1.0,0
0.5868622235003716,0.0,0.0,0.0,1.0,0.0,1.0,0.0,0.0,1
-0.49358928271862357,0.0,0.0,0.0,0.0,1.0,0.0,1.0,0.0,0
0.7858700601528987,1.0,0.0,0.0,0.0,0.0,1.0,0.0,0.0,0
2.167229851175499,1.0,0.0,0.0,0.0,0.0,0.0,0.0,1.0,0
-0.3936060584273972,1.0,0.0,0.0,0.0,0.0,1.0,0.0,0.0,0
0.720876171303952,0.0,0.0,0.0,0.0,1.0,0.0,0.0,1.0,0
-0.492438948402713,0.0,0.0,0.0,1.0,0.0,1.0,0.0,0.0,0
-0.12203129867951212,0.0,0.0,0.0,0.0,1.0,0.0,1.0,0.0,0
3.75756704292185,0.0,1.0,0.0,0.0,0.0,0.0,1.0,0.0,0
0.10956934359048093,0.0,0.0,0.0,0.0,1.0,0.0,1.0,0.0,0
0.7789680542574354,1.0,0.0,0.0,0.0,0.0,0.0,1.0,0.0,0
-0.4608047547151725,0.0,0.0,0.0,1.0,0.0,0.0,0.0,1.0,0
0.14503798499772327,0.0,1.0,0.0,0.0,0.0,0.0,0.0,1.0,0
-0.6086227143096797,0.0,0.0,0.0,0.0,1.0,0.0,1.0,0.0,0
-0.5206221391425218,0.0,0.0,0.0,1.0,0.0,0.0,0.0,1.0,0
-0.5975986771155368,1.0,0.0,0.0,0.0,0.0,1.0,0.0,0.0,0
0.8410861073166056,0.0,0.0,1.0,0.0,0.0,0.0,1.0,0.0,0
-0.244733625709972,0.0,1.0,0.0,0.0,0.0,1.0,0.0,0.0,0
-0.04697198456634792,0.0,0.0,0.0,1.0,0.0,0.0,0.0,1.0,0
-0.6109233829415008,0.0,0.0,0.0,1.0,0.0,0.0,1.0,0.0,1
-0.4989575095262061,0.0,0.0,0.0,0.0,1.0,0.0,1.0,0.0,0
-0.3266949457185995,0.0,0.0,1.0,0.0,0.0,0.0,1.0,0.0,0
-0.4846741917703167,0.0,0.0,1.0,0.0,0.0,1.0,0.0,0.0,0
-0.5595417834974957,0.0,0.0,0.0,1.0,0.0,1.0,0.0,0.0,0
-0.5437246866537255,0.0,0.0,0.0,1.0,0.0,1.0,0.0,0.0,0
-0.2318882258489707,0.0,0.0,0.0,1.0,0.0,0.0,1.0,0.0,0
0.30579720564622437,1.0,0.0,0.0,0.0,0.0,0.0,1.0,0.0,0
0.416900328324586,0.0,0.0,1.0,0.0,0.0,1.0,0.0,0.0,0
0.8814436695664679,0.0,0.0,0.0,0.0,1.0,0.0,0.0,1.0,0
-0.4315670908524457,0.0,0.0,0.0,1.0,0.0,0.0,1.0,0.0,0
1.1848443453878788,0.0,0.0,0.0,0.0,1.0,0.0,1.0,0.0,1
0.6691111270879767,0.0,1.0,0.0,0.0,0.0,1.0,0.0,0.0,0
-0.6088144366956648,0.0,0.0,0.0,1.0,0.0,0.0,0.0,1.0,0
3.4151508615524726,1.0,0.0,0.0,0.0,0.0,1.0,0.0,0.0,0
-0.1621971385433892,0.0,1.0,0.0,0.0,0.0,0.0,0.0,1.0,0
-0.09605291537853193,0.0,0.0,0.0,0.0,1.0,1.0,0.0,0.0,0
-0.6024875979581568,0.0,0.0,0.0,1.0,0.0,0.0,1.0,0.0,0
-0.024252881827114353,0.0,0.0,0.0,0.0,1.0,0.0,1.0,0.0,1
-0.05588707551465477,1.0,0.0,0.0,0.0,0.0,1.0,0.0,0.0,0
0.09691566611546482,0.0,0.0,0.0,1.0,0.0,0.0,1.0,0.0,0
-0.17552184436935322,0.0,0.0,1.0,0.0,0.0,0.0,1.0,0.0,0
0.05943393965537905,0.0,0.0,0.0,0.0,1.0,0.0,0.0,1.0,0
0.4817983559805403,0.0,0.0,0.0,0.0,1.0,0.0,1.0,0.0,0
-0.4739377381551514,0.0,1.0,0.0,0.0,0.0,0.0,0.0,1.0,0
0.9535312866968633,0.0,0.0,0.0,1.0,0.0,0.0,1.0,0.0,1
0.15596616099887362,0.0,1.0,0.0,0.0,0.0,0.0,0.0,1.0,0
-0.26323483595753355,0.0,0.0,0.0,1.0,0.0,0.0,1.0,0.0,0
-0.2758885134325497,0.0,0.0,0.0,1.0,0.0,1.0,0.0,0.0,0
0.9033958827617611,1.0,0.0,0.0,0.0,0.0,0.0,1.0,0.0,0
4.806000910681335,0.0,0.0,0.0,1.0,0.0,1.0,0.0,0.0,0
-0.20044575454741542,0.0,0.0,0.0,0.0,1.0,1.0,0.0,0.0,0
-0.4576413353464185,0.0,1.0,0.0,0.0,0.0,0.0,0.0,1.0,0
-0.6025834591511492,0.0,0.0,0.0,0.0,1.0,0.0,0.0,1.0,0
0.35305677379154987,0.0,0.0,1.0,0.0,0.0,0.0,1.0,0.0,0
-0.35401538572147534,0.0,1.0,0.0,0.0,0.0,0.0,1.0,0.0,0
0.6624008435784985,0.0,0.0,1.0,0.0,0.0,0.0,0.0,1.0,0
-0.49454789464854904,0.0,1.0,0.0,0.0,0.0,1.0,0.0,0.0,0
0.11666307187192948,0.0,0.0,1.0,0.0,0.0,0.0,1.0,0.0,0
0.44815107724015635,0.0,1.0,0.0,0.0,0.0,1.0,0.0,0.0,0
-0.30493445490929144,1.0,0.0,0.0,0.0,0.0,0.0,1.0,0.0,1
-0.18050662640496562,0.0,0.0,0.0,0.0,1.0,0.0,1.0,0.0,0
-0.4695281232774943,0.0,0.0,0.0,1.0,0.0,0.0,1.0,0.0,1
-0.3825820212332543,0.0,0.0,0.0,1.0,0.0,1.0,0.0,0.0,0
-0.017926043089606297,0.0,0.0,0.0,0.0,1.0,0.0,0.0,1.0,0
1.8371797637021599,0.0,0.0,1.0,0.0,0.0,0.0,1.0,0.0,0
0.9064634409375225,0.0,0.0,0.0,0.0,1.0,0.0,1.0,0.0,0
-0.21377046037337935,0.0,0.0,0.0,1.0,0.0,0.0,0.0,1.0,0
0.09672394372947976,0.0,0.0,0.0,0.0,1.0,0.0,1.0,0.0,0
1.5277398327222185,0.0,0.0,1.0,0.0,0.0,0.0,0.0,1.0,0
-0.5824526086227144,0.0,0.0,1.0,0.0,0.0,0.0,0.0,1.0,0
-0.06403527691902126,0.0,0.0,0.0,1.0,0.0,0.0,1.0,0.0,0
0.2134828767944017,0.0,0.0,0.0,1.0,0.0,0.0,1.0,0.0,0
0.11062381671339908,0.0,0.0,0.0,0.0,1.0,0.0,0.0,1.0,0
-0.14676348647158918,0.0,0.0,0.0,1.0,0.0,1.0,0.0,0.0,0
-0.3219977472619648,1.0,0.0,0.0,0.0,0.0,0.0,1.0,0.0,0
0.12155199271454928,0.0,1.0,0.0,0.0,0.0,0.0,1.0,0.0,0
-0.133055335873655,0.0,0.0,0.0,1.0,0.0,0.0,1.0,0.0,0
-0.041699618951757875,0.0,0.0,0.0,0.0,1.0,0.0,1.0,0.0,0
-0.5625134804802647,1.0,0.0,0.0,0.0,0.0,0.0,1.0,0.0,0
0.0898219378340164,0.0,0.0,0.0,1.0,0.0,0.0,1.0,0.0,0
0.24339156900807635,1.0,0.0,0.0,0.0,0.0,0.0,0.0,1.0,0
0.03844033839001132,1.0,0.0,0.0,0.0,0.0,1.0,0.0,0.0,0
0.28921321925851373,0.0,1.0,0.0,0.0,0.0,0.0,1.0,0.0,0
-0.5259903659501044,0.0,1.0,0.0,0.0,0.0,0.0,1.0,0.0,0
0.5141035780190285,0.0,0.0,0.0,1.0,0.0,1.0,0.0,0.0,0
-0.09710738850144994,0.0,0.0,1.0,0.0,0.0,1.0,0.0,0.0,0
-0.2038008963021545,0.0,0.0,0.0,0.0,1.0,0.0,1.0,0.0,0
-0.44086562657272277,1.0,0.0,0.0,0.0,0.0,0.0,0.0,1.0,0
1.179476118580296,0.0,0.0,0.0,0.0,1.0,0.0,0.0,1.0,0
0.3585208617921251,0.0,0.0,0.0,1.0,0.0,0.0,0.0,1.0,0
1.4727155079444967,0.0,1.0,0.0,0.0,0.0,0.0,0.0,1.0,0
1.6387470942075877,0.0,0.0,0.0,0.0,1.0,0.0,1.0,0.0,0
1.5356004505476073,0.0,0.0,1.0,0.0,0.0,1.0,0.0,0.0,0
-0.21894696479497694,0.0,0.0,1.0,0.0,0.0,0.0,1.0,0.0,0
0.5984614278524697,0.0,1.0,0.0,0.0,0.0,1.0,0.0,0.0,0
0.8143408344716851,0.0,1.0,0.0,0.0,0.0,0.0,0.0,1.0,1
1.5499796294964894,0.0,0.0,0.0,1.0,0.0,0.0,1.0,0.0,0
-0.08282407074556045,0.0,0.0,0.0,1.0,0.0,0.0,1.0,0.0,0
0.3087689026289932,1.0,0.0,0.0,0.0,0.0,1.0,0.0,0.0,0
-0.08464543341241881,0.0,0.0,0.0,1.0,0.0,0.0,1.0,0.0,0
-0.6391065736813096,0.0,1.0,0.0,0.0,0.0,0.0,0.0,1.0,0
2.49814268938577,0.0,0.0,1.0,0.0,0.0,1.0,0.0,0.0,0
2.561219354374866,1.0,0.0,0.0,0.0,0.0,1.0,0.0,0.0,0
0.09864116758933072,0.0,0.0,1.0,0.0,0.0,0.0,0.0,1.0,0
0.17973973686102526,0.0,0.0,0.0,0.0,1.0,1.0,0.0,0.0,0
0.07333381263929836,0.0,0.0,0.0,0.0,1.0,0.0,1.0,0.0,0
0.2816401850121025,0.0,0.0,1.0,0.0,0.0,1.0,0.0,0.0,0
-0.5307834255997317,1.0,0.0,0.0,0.0,0.0,0.0,1.0,0.0,0
0.405684568744458,1.0,0.0,0.0,0.0,0.0,0.0,1.0,0.0,0
0.9415486375727948,0.0,0.0,1.0,0.0,0.0,1.0,0.0,0.0,0
-0.2095525678817073,0.0,0.0,1.0,0.0,0.0,0.0,1.0,0.0,1
1.8896158362690827,0.0,0.0,0.0,0.0,1.0,1.0,0.0,0.0,0
0.6090061590816498,0.0,0.0,0.0,1.0,0.0,0.0,0.0,1.0,0
-0.4443166295204545,1.0,0.0,0.0,0.0,0.0,0.0,1.0,0.0,0
-0.2834615476789609,1.0,0.0,0.0,0.0,0.0,0.0,0.0,1.0,0
-0.3151916025594939,0.0,0.0,0.0,1.0,0.0,0.0,1.0,0.0,0
-0.4735542933831813,0.0,0.0,0.0,0.0,1.0,1.0,0.0,0.0,0
-0.2710954537829224,0.0,0.0,0.0,0.0,1.0,0.0,0.0,1.0,0
0.3815275481103363,0.0,1.0,0.0,0.0,0.0,0.0,1.0,0.0,0
0.415845855201668,0.0,1.0,0.0,0.0,0.0,0.0,1.0,0.0,0
-0.41057348958707796,0.0,0.0,0.0,1.0,0.0,1.0,0.0,0.0,0
1.0042418577899204,0.0,0.0,1.0,0.0,0.0,1.0,0.0,0.0,0
0.059242217269393854,1.0,0.0,0.0,0.0,0.0,0.0,1.0,0.0,0
0.017255014738658397,0.0,0.0,0.0,0.0,1.0,1.0,0.0,0.0,0
-0.5730582117094448,1.0,0.0,0.0,0.0,0.0,0.0,1.0,0.0,0
1.7020154815826687,0.0,0.0,0.0,0.0,1.0,0.0,0.0,1.0,0
1.7081505979341916,0.0,0.0,0.0,0.0,1.0,0.0,0.0,1.0,0
1.0757543077623604,1.0,0.0,0.0,0.0,0.0,0.0,1.0,0.0,0
0.6790806911592014,0.0,0.0,0.0,0.0,1.0,0.0,1.0,0.0,0
-0.6022958755721716,0.0,1.0,0.0,0.0,0.0,0.0,1.0,0.0,0
-0.20322572914419926,0.0,0.0,0.0,0.0,1.0,0.0,1.0,0.0,0
-0.5319337599156423,0.0,0.0,0.0,1.0,0.0,1.0,0.0,0.0,0
0.07486759172717908,1.0,0.0,0.0,0.0,0.0,1.0,0.0,0.0,0
-0.21578354542622286,0.0,0.0,1.0,0.0,0.0,0.0,1.0,0.0,0
-0.5326047882665901,0.0,1.0,0.0,0.0,0.0,1.0,0.0,0.0,0
0.41507896565772767,1.0,0.0,0.0,0.0,0.0,0.0,0.0,1.0,0
-0.6406403527691903,1.0,0.0,0.0,0.0,0.0,0.0,1.0,0.0,0
0.2944855848731038,0.0,0.0,0.0,0.0,1.0,0.0,0.0,1.0,0
0.8672562130035711,0.0,0.0,1.0,0.0,0.0,0.0,1.0,0.0,0
-0.6392982960672946,0.0,0.0,1.0,0.0,0.0,0.0,1.0,0.0,0
-0.13391808661058788,0.0,0.0,0.0,1.0,0.0,0.0,0.0,1.0,1
-0.07918134541184364,0.0,0.0,0.0,0.0,1.0,0.0,0.0,1.0,0
0.22019316030388,1.0,0.0,0.0,0.0,0.0,0.0,1.0,0.0,0
-0.5308792867927242,0.0,0.0,0.0,0.0,1.0,0.0,0.0,1.0,0
-0.16689433700002404,0.0,0.0,0.0,1.0,0.0,0.0,1.0,0.0,0
2.7053945886356563,0.0,1.0,0.0,0.0,0.0,0.0,1.0,0.0,0
0.6050758501689554,1.0,0.0,0.0,0.0,0.0,1.0,0.0,0.0,0
-0.04697198456634792,1.0,0.0,0.0,0.0,0.0,1.0,0.0,0.0,0
-0.05253193375991569,0.0,0.0,1.0,0.0,0.0,0.0,1.0,0.0,0
-0.6252067006973903,1.0,0.0,0.0,0.0,0.0,0.0,0.0,1.0,0
-0.15797924605171718,1.0,0.0,0.0,0.0,0.0,1.0,0.0,0.0,0
0.9197881467634866,0.0,1.0,0.0,0.0,0.0,0.0,0.0,1.0,0
-0.6341217916456972,0.0,0.0,0.0,1.0,0.0,0.0,0.0,1.0,0
1.5121144582644335,0.0,0.0,1.0,0.0,0.0,1.0,0.0,0.0,0
-0.231408919884008,0.0,0.0,0.0,1.0,0.0,0.0,0.0,1.0,0
0.8892084261988642,0.0,0.0,0.0,0.0,1.0,1.0,0.0,0.0,0
0.06183046948019272,0.0,0.0,0.0,0.0,1.0,1.0,0.0,0.0,0
-0.2711913149759149,0.0,0.0,1.0,0.0,0.0,0.0,0.0,1.0,0
1.5031993673161266,0.0,0.0,0.0,0.0,1.0,0.0,0.0,1.0,0
2.3166774510508787,0.0,0.0,0.0,0.0,1.0,1.0,0.0,0.0,0
0.34088240228149647,0.0,0.0,1.0,0.0,0.0,1.0,0.0,0.0,0
-0.514870467562969,1.0,0.0,0.0,0.0,0.0,0.0,0.0,1.0,0
-0.3382941500706977,0.0,0.0,0.0,1.0,0.0,1.0,0.0,0.0,0
1.318378987226496,0.0,0.0,0.0,1.0,0.0,0.0,1.0,0.0,0
1.7984518417331707,0.0,1.0,0.0,0.0,0.0,0.0,0.0,1.0,0
-0.4652143695928297,0.0,0.0,0.0,0.0,1.0,1.0,0.0,0.0,0
-0.2563328300620702,0.0,0.0,0.0,1.0,0.0,1.0,0.0,0.0,0
-0.5224435018093802,1.0,0.0,0.0,0.0,0.0,0.0,0.0,1.0,0
-0.11599204352098165,1.0,0.0,0.0,0.0,0.0,1.0,0.0,0.0,0
-0.485249358928272,0.0,0.0,0.0,0.0,1.0,1.0,0.0,0.0,0
1.6902245548445853,0.0,0.0,1.0,0.0,0.0,0.0,1.0,0.0,0
-0.512090492966185,1.0,0.0,0.0,0.0,0.0,0.0,1.0,0.0,0
0.26965753588803415,0.0,1.0,0.0,0.0,0.0,0.0,0.0,1.0,0
-0.5689361804107653,0.0,0.0,0.0,1.0,0.0,1.0,0.0,0.0,0
-0.22182280058475332,1.0,0.0,0.0,0.0,0.0,0.0,1.0,0.0,0
-0.5660603446209889,0.0,0.0,0.0,1.0,0.0,0.0,0.0,1.0,0
-0.5643348431471231,0.0,0.0,1.0,0.0,0.0,0.0,1.0,0.0,0
0.2850911879598342,0.0,0.0,0.0,1.0,0.0,0.0,1.0,0.0,1
0.5747837131833106,0.0,0.0,0.0,1.0,0.0,0.0,1.0,0.0,0
1.7083423203201764,1.0,0.0,0.0,0.0,0.0,0.0,0.0,1.0,0
-0.5031754020178782,1.0,0.0,0.0,0.0,0.0,0.0,0.0,1.0,0
0.11129484506434684,0.0,1.0,0.0,0.0,0.0,0.0,0.0,1.0,0
1.2024828048985072,0.0,0.0,0.0,1.0,0.0,0.0,1.0,0.0,0
1.2747621444148876,0.0,1.0,0.0,0.0,0.0,0.0,0.0,1.0,0
-0.5084477676324682,0.0,0.0,0.0,0.0,1.0,0.0,1.0,0.0,0
3.811057588611691,1.0,0.0,0.0,0.0,0.0,1.0,0.0,0.0,0
-0.12864572099599783,1.0,0.0,0.0,0.0,0.0,0.0,0.0,1.0,0
0.21894696479497694,0.0,0.0,0.0,1.0,0.0,1.0,0.0,0.0,0
-0.3372396769477797,1.0,0.0,0.0,0.0,0.0,0.0,0.0,1.0,0
-0.22393174683058933,1.0,0.0,0.0,0.0,0.0,0.0,0.0,1.0,0
-0.5581038656026075,0.0,0.0,0.0,0.0,1.0,0.0,0.0,1.0,0
0.3087689026289932,1.0,0.0,0.0,0.0,0.0,0.0,1.0,0.0,0
0.6409279363481679,0.0,0.0,0.0,1.0,0.0,1.0,0.0,0.0,0
-0.0005751671579553026,0.0,0.0,0.0,1.0,0.0,0.0,0.0,1.0,0
0.6251108395043977,0.0,0.0,0.0,1.0,0.0,0.0,0.0,1.0,0
-0.6487885541735569,0.0,0.0,0.0,1.0,0.0,1.0,0.0,0.0,0
0.4881251947180484,0.0,0.0,0.0,0.0,1.0,0.0,0.0,1.0,0
0.19411891580990728,0.0,0.0,1.0,0.0,0.0,0.0,1.0,0.0,0
-0.6353679871546003,0.0,0.0,1.0,0.0,0.0,0.0,1.0,0.0,0
-0.30541376087425415,1.0,0.0,0.0,0.0,0.0,0.0,0.0,1.0,0
-0.38708749730390396,0.0,0.0,0.0,0.0,1.0,1.0,0.0,0.0,0
-0.27598437462554226,1.0,0.0,0.0,0.0,0.0,1.0,0.0,0.0,1
0.2746423179236467,0.0,0.0,1.0,0.0,0.0,0.0,1.0,0.0,0
-0.5674982625158771,0.0,0.0,0.0,0.0,1.0,1.0,0.0,0.0,0
0.5954897308697007,0.0,1.0,0.0,0.0,0.0,0.0,0.0,1.0,0
-0.45898339204831407,0.0,1.0,0.0,0.0,0.0,0.0,1.0,0.0,0
0.5211014451074845,1.0,0.0,0.0,0.0,0.0,0.0,0.0,1.0,0
0.765068181273516,0.0,1.0,0.0,0.0,0.0,1.0,0.0,0.0,0
-0.6415031035061233,0.0,1.0,0.0,0.0,0.0,1.0,0.0,0.0,0
-0.2824070745560429,0.0,0.0,0.0,1.0,0.0,0.0,1.0,0.0,0
1.509238622474657,0.0,0.0,0.0,1.0,0.0,0.0,0.0,1.0,0
-0.45524480552160485,0.0,0.0,1.0,0.0,0.0,0.0,1.0,0.0,0
-0.49148033647278744,0.0,1.0,0.0,0.0,0.0,0.0,0.0,1.0,0
-0.5330840942315528,0.0,0.0,0.0,1.0,0.0,0.0,1.0,0.0,0
-0.2680278956071609,0.0,0.0,0.0,1.0,0.0,0.0,1.0,0.0,0
-0.42361061183406434,0.0,0.0,0.0,1.0,0.0,0.0,1.0,0.0,0
0.490330002156877,1.0,0.0,0.0,0.0,0.0,0.0,1.0,0.0,0
0.31317851750665043,0.0,1.0,0.0,0.0,0.0,1.0,0.0,0.0,0
0.2971696982768951,0.0,0.0,0.0,0.0,1.0,0.0,1.0,0.0,0
1.7032616770915718,0.0,0.0,0.0,1.0,0.0,0.0,1.0,0.0,0
-0.2533611330793012,0.0,0.0,1.0,0.0,0.0,0.0,0.0,1.0,0
-0.20523881419704276,0.0,1.0,0.0,0.0,0.0,0.0,0.0,1.0,0
-0.1040093943969133,0.0,0.0,0.0,1.0,0.0,0.0,0.0,1.0,0
-0.5338509837754931,1.0,0.0,0.0,0.0,0.0,1.0,0.0,0.0,1
-0.21367459918038684,1.0,0.0,0.0,0.0,0.0,0.0,0.0,1.0,0
2.223116926690153,0.0,0.0,0.0,0.0,1.0,0.0,0.0,1.0,0
0.4874541663671005,1.0,0.0,0.0,0.0,0.0,0.0,0.0,1.0,0
-0.5076808780885279,0.0,1.0,0.0,0.0,0.0,0.0,1.0,0.0,0
-0.5842739712895728,1.0,0.0,0.0,0.0,0.0,0.0,0.0,1.0,0
0.9858365087353513,1.0,0.0,0.0,0.0,0.0,0.0,1.0,0.0,0
-0.5310710091787093,0.0,0.0,0.0,0.0,1.0,0.0,1.0,0.0,0
1.5267812207922928,0.0,0.0,1.0,0.0,0.0,0.0,0.0,1.0,0
-0.5503391089702112,0.0,0.0,0.0,1.0,0.0,0.0,0.0,1.0,0
-0.3714621228461189,0.0,1.0,0.0,0.0,0.0,1.0,0.0,0.0,0
0.697198456634793,0.0,0.0,0.0,1.0,0.0,0.0,0.0,1.0,0
-0.353248496177535,0.0,0.0,0.0,0.0,1.0,0.0,0.0,1.0,0
0.34203273659740696,0.0,0.0,1.0,0.0,0.0,0.0,0.0,1.0,0
-0.4851534977352794,1.0,0.0,0.0,0.0,0.0,0.0,0.0,1.0,0
-0.4052052627794953,0.0,0.0,0.0,0.0,1.0,0.0,0.0,1.0,0
0.0005751671579553026,0.0,0.0,0.0,1.0,0.0,1.0,0.0,0.0,1
0.961583626908237,0.0,1.0,0.0,0.0,0.0,0.0,1.0,0.0,0
0.6289452872240996,0.0,0.0,0.0,1.0,0.0,1.0,0.0,0.0,0
0.7828025019771373,0.0,1.0,0.0,0.0,0.0,1.0,0.0,0.0,0
-0.2844201596088864,0.0,0.0,1.0,0.0,0.0,0.0,0.0,1.0,0
2.8095957054185545,1.0,0.0,0.0,0.0,0.0,1.0,0.0,0.0,0
-0.4683777889615837,1.0,0.0,0.0,0.0,0.0,0.0,1.0,0.0,0
-0.31883432789321065,0.0,1.0,0.0,0.0,0.0,0.0,1.0,0.0,0
0.0658566395858797,0.0,0.0,0.0,0.0,1.0,0.0,1.0,0.0,0
-0.2789560716083112,0.0,0.0,1.0,0.0,0.0,0.0,0.0,1.0,0
-0.5610755625853765,1.0,0.0,0.0,0.0,0.0,0.0,0.0,1.0,0
0.41412035372780226,0.0,1.0,0.0,0.0,0.0,0.0,1.0,0.0,0
0.850097059457905,1.0,0.0,0.0,0.0,0.0,0.0,0.0,1.0,0
1.607112900520047,0.0,0.0,0.0,1.0,0.0,0.0,0.0,1.0,0
-0.08704196323723248,0.0,0.0,1.0,0.0,0.0,1.0,0.0,0.0,0
-0.2028422843722291,0.0,0.0,0.0,0.0,1.0,0.0,1.0,0.0,0
1.3572027703884775,0.0,0.0,0.0,0.0,1.0,0.0,1.0,0.0,0
-0.22613655426941795,0.0,0.0,1.0,0.0,0.0,0.0,0.0,1.0,0
-0.5546528626548758,0.0,0.0,1.0,0.0,0.0,0.0,1.0,0.0,0
0.2509646032544875,1.0,0.0,0.0,0.0,0.0,1.0,0.0,0.0,0
3.5304718767225065,0.0,0.0,0.0,1.0,0.0,0.0,0.0,1.0,0
0.13583531047043884,0.0,0.0,0.0,0.0,1.0,0.0,1.0,0.0,0
0.3909219450236059,0.0,0.0,1.0,0.0,0.0,0.0,1.0,0.0,0
3.453399477556499,0.0,0.0,0.0,0.0,1.0,0.0,0.0,1.0,0
0.4906175857358545,1.0,0.0,0.0,0.0,0.0,0.0,0.0,1.0,0
-0.36158841996788654,0.0,1.0,0.0,0.0,0.0,1.0,0.0,0.0,0
-0.37711793323267917,0.0,0.0,1.0,0.0,0.0,1.0,0.0,0.0,0
-0.1483931267524625,0.0,1.0,0.0,0.0,0.0,1.0,0.0,0.0,0
1.6368298703477369,0.0,0.0,1.0,0.0,0.0,0.0,0.0,1.0,0
-0.1844369353176601,1.0,0.0,0.0,0.0,0.0,0.0,1.0,0.0,0
-0.2782850432573634,0.0,0.0,0.0,0.0,1.0,0.0,0.0,1.0,0
0.3090564862079709,0.0,0.0,1.0,0.0,0.0,0.0,0.0,1.0,0
-0.5796726340259305,0.0,1.0,0.0,0.0,0.0,0.0,1.0,0.0,1
0.31931363385817346,0.0,0.0,0.0,0.0,1.0,0.0,1.0,0.0,0
0.7514558918685744,0.0,1.0,0.0,0.0,0.0,0.0,1.0,0.0,0
0.6660435689122153,1.0,0.0,0.0,0.0,0.0,0.0,0.0,1.0,0
0.10295492127399522,0.0,0.0,0.0,1.0,0.0,0.0,1.0,0.0,0
0.5955855920626935,0.0,0.0,1.0,0.0,0.0,1.0,0.0,0.0,0
-0.6132240515733219,0.0,0.0,0.0,0.0,1.0,0.0,1.0,0.0,1
0.5755506027272511,0.0,0.0,0.0,0.0,1.0,0.0,1.0,0.0,0
-0.4254319745009227,0.0,0.0,0.0,1.0,0.0,0.0,0.0,1.0,0
-0.6205095022407555,0.0,1.0,0.0,0.0,0.0,0.0,0.0,1.0,0
0.25786660914995096,0.0,0.0,0.0,0.0,1.0,0.0,1.0,0.0,0
-0.34174515301842934,1.0,0.0,0.0,0.0,0.0,1.0,0.0,0.0,0
-0.04083686821482492,0.0,0.0,1.0,0.0,0.0,0.0,1.0,0.0,0
0.7609461499748367,0.0,1.0,0.0,0.0,0.0,0.0,0.0,1.0,1
-0.2961152251539771,0.0,1.0,0.0,0.0,0.0,1.0,0.0,0.0,0
-0.38507441225106054,0.0,0.0,1.0,0.0,0.0,0.0,1.0,0.0,0
-0.5377812926881876,0.0,0.0,0.0,1.0,0.0,0.0,0.0,1.0,0
-0.40127495386680095,0.0,0.0,0.0,1.0,0.0,0.0,1.0,0.0,0
-0.2312171974980229,0.0,0.0,0.0,1.0,0.0,0.0,1.0,0.0,0
0.31662952045438214,0.0,1.0,0.0,0.0,0.0,0.0,1.0,0.0,0
0.380952380952381,0.0,0.0,0.0,0.0,1.0,0.0,1.0,0.0,1
0.3952356987082705,1.0,0.0,0.0,0.0,0.0,0.0,1.0,0.0,0
-0.6274115081362189,0.0,0.0,1.0,0.0,0.0,0.0,0.0,1.0,0
1.2699690847652603,1.0,0.0,0.0,0.0,0.0,0.0,1.0,0.0,0
0.7535648381144104,1.0,0.0,0.0,0.0,0.0,1.0,0.0,0.0,0
1.9943921202099364,0.0,0.0,0.0,0.0,1.0,0.0,0.0,1.0,0
0.043041675653653466,0.0,1.0,0.0,0.0,0.0,0.0,1.0,0.0,0
0.04812231888225846,1.0,0.0,0.0,0.0,0.0,0.0,1.0,0.0,0
0.014187456562896966,1.0,0.0,0.0,0.0,0.0,0.0,1.0,0.0,0
-0.33561003666690636,0.0,0.0,1.0,0.0,0.0,0.0,1.0,0.0,0
0.6111151053274858,0.0,0.0,0.0,0.0,1.0,0.0,0.0,1.0,0
-0.6332590409087643,1.0,0.0,0.0,0.0,0.0,0.0,1.0,0.0,0
-0.13171327917175935,0.0,0.0,0.0,0.0,1.0,1.0,0.0,0.0,0
0.17044120114074823,0.0,0.0,0.0,1.0,0.0,1.0,0.0,0.0,0
-0.22709516619934336,0.0,0.0,1.0,0.0,0.0,0.0,0.0,1.0,0
0.3910178062165985,0.0,0.0,1.0,0.0,0.0,0.0,0.0,1.0,0
0.08579576772832942,1.0,0.0,0.0,0.0,0.0,0.0,0.0,1.0,0
0.30589306683921685,0.0,0.0,0.0,0.0,1.0,0.0,0.0,1.0,0
-0.6133199127663145,0.0,0.0,0.0,1.0,0.0,1.0,0.0,0.0,0
-0.6479258034366239,0.0,1.0,0.0,0.0,0.0,1.0,0.0,0.0,0
-0.11158242864332449,0.0,0.0,0.0,0.0,1.0,1.0,0.0,0.0,0
0.8364847700529635,0.0,0.0,0.0,0.0,1.0,0.0,1.0,0.0,0
0.24837635104368874,0.0,0.0,1.0,0.0,0.0,1.0,0.0,0.0,0
1.4807678481558708,1.0,0.0,0.0,0.0,0.0,1.0,0.0,0.0,0
0.7594123708869559,1.0,0.0,0.0,0.0,0.0,1.0,0.0,0.0,0
-0.6268363409782636,0.0,1.0,0.0,0.0,0.0,0.0,0.0,1.0,0
-0.36724423035444687,0.0,0.0,1.0,0.0,0.0,0.0,0.0,1.0,0
0.9530519807319004,0.0,0.0,0.0,1.0,0.0,1.0,0.0,0.0,0
0.49148033647278744,0.0,0.0,0.0,0.0,1.0,0.0,0.0,1.0,0
0.17446737124643522,0.0,0.0,0.0,1.0,0.0,1.0,0.0,0.0,1
0.3368562321758095,0.0,1.0,0.0,0.0,0.0,0.0,1.0,0.0,0
-0.633738346873727,0.0,0.0,0.0,1.0,0.0,0.0,1.0,0.0,0
0.5877249742373044,0.0,0.0,0.0,0.0,1.0,1.0,0.0,0.0,0
-0.2805857118891845,1.0,0.0,0.0,0.0,0.0,1.0,0.0,0.0,0
1.3585448270903737,1.0,0.0,0.0,0.0,0.0,1.0,0.0,0.0,0
1.2644091355716922,0.0,0.0,0.0,1.0,0.0,1.0,0.0,0.0,0
-0.31883432789321065,0.0,0.0,0.0,0.0,1.0,1.0,0.0,0.0,0
-0.5880125578162821,0.0,0.0,1.0,0.0,0.0,0.0,0.0,1.0,0
-0.6296163155750475,0.0,0.0,0.0,0.0,1.0,0.0,1.0,0.0,0
2.041076521197307,0.0,1.0,0.0,0.0,0.0,1.0,0.0,0.0,0
0.16814053250892716,0.0,1.0,0.0,0.0,0.0,0.0,0.0,1.0,0
-0.5830277757806697,1.0,0.0,0.0,0.0,0.0,0.0,0.0,1.0,0
-0.3497016320368108,0.0,0.0,1.0,0.0,0.0,1.0,0.0,0.0,0
0.6308625110839504,0.0,0.0,0.0,0.0,1.0,0.0,1.0,0.0,0
0.23275097658590366,0.0,0.0,1.0,0.0,0.0,0.0,1.0,0.0,0
0.12116854794257917,1.0,0.0,0.0,0.0,0.0,0.0,1.0,0.0,0
0.39571500467323323,0.0,1.0,0.0,0.0,0.0,0.0,0.0,1.0,0
-0.19910369784551976,0.0,0.0,0.0,0.0,1.0,0.0,1.0,0.0,0
0.2013085052843483,0.0,0.0,1.0,0.0,0.0,0.0,0.0,1.0,0
0.05655810386560267,0.0,1.0,0.0,0.0,0.0,1.0,0.0,0.0,0
0.2536487166582788,0.0,1.0,0.0,0.0,0.0,0.0,0.0,1.0,0
0.01648812519471804,1.0,0.0,0.0,0.0,0.0,1.0,0.0,0.0,0
0.3607256692309536,0.0,0.0,0.0,0.0,1.0,0.0,1.0,0.0,0
2.2970259064874066,0.0,1.0,0.0,0.0,0.0,0.0,0.0,1.0,0
1.2365135284108615,0.0,0.0,0.0,1.0,0.0,0.0,0.0,1.0,0
0.05051884870707213,1.0,0.0,0.0,0.0,0.0,1.0,0.0,0.0,0
1.3593117166343138,1.0,0.0,0.0,0.0,0.0,0.0,0.0,1.0,0
0.7596999544659333,0.0,0.0,0.0,1.0,0.0,0.0,0.0,1.0,0
-0.37510484817983564,1.0,0.0,0.0,0.0,0.0,0.0,1.0,0.0,0
-0.5615548685503392,0.0,0.0,1.0,0.0,0.0,0.0,0.0,1.0,0
-0.24137848395523287,1.0,0.0,0.0,0.0,0.0,0.0,1.0,0.0,0
0.5072974333165577,0.0,0.0,1.0,0.0,0.0,0.0,0.0,1.0,0
-0.2207683274618353,0.0,0.0,1.0,0.0,0.0,0.0,0.0,1.0,0
-0.5904090876410958,1.0,0.0,0.0,0.0,0.0,1.0,0.0,0.0,0
0.5534066671459728,0.0,0.0,1.0,0.0,0.0,1.0,0.0,0.0,0
0.15203585208617923,1.0,0.0,0.0,0.0,0.0,0.0,0.0,1.0,1
0.20360917391616937,0.0,0.0,0.0,0.0,1.0,1.0,0.0,0.0,0
0.05492846358472936,0.0,0.0,0.0,0.0,1.0,1.0,0.0,0.0,0
-0.564143120761138,0.0,0.0,0.0,1.0,0.0,1.0,0.0,0.0,0
-0.1854914084405781,1.0,0.0,0.0,0.0,0.0,0.0,1.0,0.0,0
0.20447192465310232,0.0,1.0,0.0,0.0,0.0,0.0,0.0,1.0,1
-0.4297457281855873,0.0,0.0,1.0,0.0,0.0,1.0,0.0,0.0,0
1.6478539075418794,0.0,0.0,0.0,0.0,1.0,0.0,1.0,0.0,0
0.43636015050207305,0.0,0.0,0.0,0.0,1.0,1.0,0.0,0.0,0
-0.11110312267836178,1.0,0.0,0.0,0.0,0.0,0.0,1.0,0.0,0
0.8668727682316008,0.0,0.0,0.0,1.0,0.0,0.0,1.0,0.0,0
-0.05799602176049079,0.0,0.0,1.0,0.0,0.0,0.0,1.0,0.0,0
-0.5401778225130013,0.0,0.0,0.0,1.0,0.0,0.0,0.0,1.0,0
-0.5689361804107653,0.0,0.0,0.0,0.0,1.0,1.0,0.0,0.0,0
-0.4093272940781749,0.0,0.0,1.0,0.0,0.0,1.0,0.0,0.0,0
-0.16804467131593456,1.0,0.0,0.0,0.0,0.0,0.0,1.0,0.0,0
-0.547846717952405,1.0,0.0,0.0,0.0,0.0,0.0,0.0,1.0,0
2.8601145541256265,0.0,0.0,0.0,1.0,0.0,0.0,0.0,1.0,0
-0.5794809116399455,0.0,0.0,1.0,0.0,0.0,0.0,1.0,0.0,0
-0.40357562249862206,0.0,0.0,1.0,0.0,0.0,1.0,0.0,0.0,0
-0.1431207611378724,1.0,0.0,0.0,0.0,0.0,1.0,0.0,0.0,1
-0.0027799745967839176,1.0,0.0,0.0,0.0,0.0,0.0,1.0,0.0,0
-0.13276775229467735,0.0,0.0,1.0,0.0,0.0,1.0,0.0,0.0,0
3.3352026265966885,0.0,0.0,0.0,1.0,0.0,0.0,0.0,1.0,0
0.8614086802310256,0.0,0.0,0.0,0.0,1.0,1.0,0.0,0.0,0
-0.4397152922568123,0.0,0.0,0.0,0.0,1.0,0.0,0.0,1.0,0
1.4627459438732715,0.0,1.0,0.0,0.0,0.0,0.0,0.0,1.0,0
-0.2729168164497808,0.0,0.0,0.0,0.0,1.0,0.0,1.0,0.0,0
-0.45524480552160485,1.0,0.0,0.0,0.0,0.0,1.0,0.0,0.0,0
3.474776523593837,0.0,0.0,0.0,1.0,0.0,1.0,0.0,0.0,0
-0.10170872576509216,1.0,0.0,0.0,0.0,0.0,1.0,0.0,0.0,0
-0.5528314999880175,0.0,0.0,0.0,0.0,1.0,0.0,1.0,0.0,0
1.467347281136914,0.0,0.0,1.0,0.0,0.0,0.0,1.0,0.0,0
-0.576413353464184,0.0,0.0,0.0,1.0,0.0,0.0,0.0,1.0,1
-0.49416444987657876,0.0,0.0,0.0,0.0,1.0,0.0,0.0,1.0,0
0.5040381527548111,0.0,0.0,0.0,0.0,1.0,0.0,0.0,1.0,0
0.0026841134037913217,0.0,1.0,0.0,0.0,0.0,0.0,0.0,1.0,0
-0.23888609293742666,0.0,0.0,0.0,1.0,0.0,1.0,0.0,0.0,0
-0.5544611402688908,0.0,0.0,0.0,1.0,0.0,0.0,0.0,1.0,0
0.16996189517578553,0.0,0.0,0.0,0.0,1.0,1.0,0.0,0.0,0
1.0489131737244473,0.0,0.0,0.0,0.0,1.0,1.0,0.0,0.0,0
-0.19354374865195198,1.0,0.0,0.0,0.0,0.0,1.0,0.0,0.0,0
-0.38200685407529905,0.0,1.0,0.0,0.0,0.0,0.0,0.0,1.0,0
0.20207539482828865,1.0,0.0,0.0,0.0,0.0,1.0,0.0,0.0,1
2.299518297505213,1.0,0.0,0.0,0.0,0.0,1.0,0.0,0.0,0
-0.03700242049512306,0.0,0.0,1.0,0.0,0.0,0.0,0.0,1.0,0
0.21760490809308128,1.0,0.0,0.0,0.0,0.0,0.0,1.0,0.0,0
-0.5376854314951951,0.0,0.0,0.0,1.0,0.0,0.0,1.0,0.0,0
-0.25777074795695837,0.0,0.0,0.0,0.0,1.0,1.0,0.0,0.0,0
0.37730965561866425,0.0,1.0,0.0,0.0,0.0,1.0,0.0,0.0,0
1.8732235722673574,0.0,0.0,1.0,0.0,0.0,0.0,1.0,0.0,0
-0.0027799745967839176,0.0,0.0,0.0,0.0,1.0,0.0,1.0,0.0,0
0.0824406259735902,0.0,0.0,0.0,1.0,0.0,1.0,0.0,0.0,0
0.38814197042682197,0.0,1.0,0.0,0.0,0.0,0.0,1.0,0.0,0
-0.18702518752845881,0.0,0.0,1.0,0.0,0.0,0.0,0.0,1.0,0
0.3028255086634554,0.0,0.0,0.0,0.0,1.0,0.0,1.0,0.0,0
0.048218180075251055,1.0,0.0,0.0,0.0,0.0,0.0,0.0,1.0,0
-0.17580942794833088,1.0,0.0,0.0,0.0,0.0,0.0,0.0,1.0,0
2.686222350037147,0.0,1.0,0.0,0.0,0.0,1.0,0.0,0.0,0
-0.40434251204256244,0.0,0.0,1.0,0.0,0.0,0.0,0.0,1.0,0
2.7043401155127382,0.0,0.0,0.0,0.0,1.0,0.0,1.0,0.0,0
0.22786205574328372,0.0,0.0,0.0,0.0,1.0,0.0,1.0,0.0,0
0.1594171639466053,1.0,0.0,0.0,0.0,0.0,0.0,0.0,1.0,0
-0.4706784575934049,0.0,0.0,0.0,0.0,1.0,0.0,1.0,0.0,0
-0.5719078773935342,0.0,1.0,0.0,0.0,0.0,1.0,0.0,0.0,0
-0.607088935221799,0.0,0.0,0.0,1.0,0.0,1.0,0.0,0.0,0
0.9800848371557985,0.0,1.0,0.0,0.0,0.0,0.0,0.0,1.0,0
4.098449445203347,1.0,0.0,0.0,0.0,0.0,0.0,0.0,1.0,0
1.093584489658974,0.0,0.0,0.0,0.0,1.0,0.0,1.0,0.0,0
3.438924437414624,0.0,0.0,0.0,0.0,1.0,0.0,0.0,1.0,0
-0.22814963932226137,1.0,0.0,0.0,0.0,0.0,1.0,0.0,0.0,0
-0.29812831020682057,0.0,1.0,0.0,0.0,0.0,0.0,1.0,0.0,0
0.050998154672034834,0.0,0.0,1.0,0.0,0.0,0.0,0.0,1.0,0
-0.47087017997938996,0.0,0.0,0.0,0.0,1.0,0.0,0.0,1.0,0
-0.5756464639202435,0.0,1.0,0.0,0.0,0.0,0.0,0.0,1.0,0
-0.3358017590528915,0.0,1.0,0.0,0.0,0.0,1.0,0.0,0.0,0
2.230210654971602,1.0,0.0,0.0,0.0,0.0,0.0,0.0,1.0,0
0.0178301818966137,0.0,1.0,0.0,0.0,0.0,0.0,1.0,0.0,0
-0.568169290866825,0.0,0.0,1.0,0.0,0.0,0.0,0.0,1.0,0
0.5445874373906584,0.0,0.0,1.0,0.0,0.0,0.0,0.0,1.0,0
0.2390778153234117,0.0,0.0,1.0,0.0,0.0,0.0,1.0,0.0,0
0.4645433412418818,0.0,1.0,0.0,0.0,0.0,0.0,0.0,1.0,0
-0.6075682411867617,0.0,0.0,1.0,0.0,0.0,0.0,0.0,1.0,0
-0.24665084956982297,0.0,0.0,0.0,1.0,0.0,0.0,0.0,1.0,0
-0.5748795743763032,1.0,0.0,0.0,0.0,0.0,1.0,0.0,0.0,0
0.02262324154624104,1.0,0.0,0.0,0.0,0.0,1.0,0.0,0.0,0
1.7785127135907206,0.0,0.0,1.0,0.0,0.0,0.0,0.0,1.0,0
-0.4826611067174732,1.0,0.0,0.0,0.0,0.0,0.0,1.0,0.0,0
-0.22767033335729867,0.0,0.0,0.0,1.0,0.0,0.0,1.0,0.0,0
-0.6356555707335779,0.0,0.0,0.0,1.0,0.0,1.0,0.0,0.0,0
0.19268099791501903,0.0,0.0,0.0,0.0,1.0,0.0,0.0,1.0,0
-0.2522107987633907,1.0,0.0,0.0,0.0,0.0,0.0,0.0,1.0,0
1.8504086083351314,0.0,1.0,0.0,0.0,0.0,0.0,1.0,0.0,0
0.3080020130850529,0.0,1.0,0.0,0.0,0.0,0.0,1.0,0.0,0
2.458456155486856,0.0,0.0,0.0,1.0,0.0,1.0,0.0,0.0,0
-0.38612888537397855,0.0,0.0,0.0,0.0,1.0,0.0,0.0,1.0,0
-0.33187145014019703,0.0,1.0,0.0,0.0,0.0,0.0,1.0,0.0,0
-0.47077431878639736,0.0,0.0,0.0,0.0,1.0,1.0,0.0,0.0,0
3.4836916145421437,0.0,1.0,0.0,0.0,0.0,0.0,0.0,1.0,1
-0.3424161813693772,0.0,0.0,0.0,1.0,0.0,0.0,0.0,1.0,0
-0.5928056174659095,0.0,0.0,0.0,0.0,1.0,1.0,0.0,0.0,0
0.5126656601241404,1.0,0.0,0.0,0.0,0.0,1.0,0.0,0.0,0
-0.3653270064945959,0.0,0.0,1.0,0.0,0.0,0.0,1.0,0.0,0
0.3326383396841375,0.0,0.0,0.0,0.0,1.0,0.0,0.0,1.0,0
-0.3833489107771947,0.0,1.0,0.0,0.0,0.0,0.0,1.0,0.0,0
1.3317036930524604,0.0,1.0,0.0,0.0,0.0,0.0,0.0,1.0,0
-0.36724423035444687,0.0,0.0,0.0,0.0,1.0,0.0,0.0,1.0,0
0.29400627890814107,0.0,0.0,1.0,0.0,0.0,1.0,0.0,0.0,0
-0.13526014331248354,0.0,0.0,1.0,0.0,0.0,0.0,0.0,1.0,0
-0.19546097251180294,1.0,0.0,0.0,0.0,0.0,0.0,1.0,0.0,0
-0.48189421717353276,1.0,0.0,0.0,0.0,0.0,0.0,1.0,0.0,0
-0.3505643827737437,0.0,0.0,0.0,0.0,1.0,0.0,1.0,0.0,0
1.0736453615165242,1.0,0.0,0.0,0.0,0.0,1.0,0.0,0.0,1
0.34001965154456354,0.0,0.0,0.0,1.0,0.0,1.0,0.0,0.0,0
-0.5006830110000721,0.0,1.0,0.0,0.0,0.0,0.0,1.0,0.0,0
0.12394852253936295,0.0,1.0,0.0,0.0,0.0,0.0,1.0,0.0,0
0.0831116543245381,0.0,0.0,0.0,0.0,1.0,0.0,1.0,0.0,0
0.5882042802022672,0.0,0.0,1.0,0.0,0.0,1.0,0.0,0.0,0
-0.2793395163802814,0.0,1.0,0.0,0.0,0.0,0.0,0.0,1.0,0
-0.5362475136003069,0.0,0.0,0.0,1.0,0.0,0.0,1.0,0.0,0
-0.23936539890238936,1.0,0.0,0.0,0.0,0.0,0.0,0.0,1.0,0
-0.33062525463129394,1.0,0.0,0.0,0.0,0.0,0.0,0.0,1.0,0
-0.22508208114649994,0.0,1.0,0.0,0.0,0.0,1.0,0.0,0.0,0
-0.528386895774918,1.0,0.0,0.0,0.0,0.0,1.0,0.0,0.0,0
-0.6443789392958996,1.0,0.0,0.0,0.0,0.0,0.0,0.0,1.0,0
-0.46070889352218,1.0,0.0,0.0,0.0,0.0,1.0,0.0,0.0,0
0.5243607256692311,0.0,0.0,0.0,0.0,1.0,1.0,0.0,0.0,0
0.05655810386560267,0.0,0.0,0.0,1.0,0.0,1.0,0.0,0.0,0
-0.16593572507009854,0.0,0.0,1.0,0.0,0.0,0.0,1.0,0.0,0
-0.34011551273755614,0.0,1.0,0.0,0.0,0.0,0.0,1.0,0.0,1
-0.6196467515038225,0.0,1.0,0.0,0.0,0.0,0.0,0.0,1.0,0
-0.10784384211661516,0.0,1.0,0.0,0.0,0.0,0.0,0.0,1.0,0
-0.3875668032688667,0.0,1.0,0.0,0.0,0.0,0.0,0.0,1.0,0
0.8868118963740506,0.0,1.0,0.0,0.0,0.0,1.0,0.0,0.0,0
-0.47518393366405454,0.0,0.0,0.0,1.0,0.0,1.0,0.0,0.0,0
-0.008723368562321728,0.0,0.0,0.0,0.0,1.0,1.0,0.0,0.0,0
-0.2951566132240516,0.0,0.0,0.0,1.0,0.0,0.0,1.0,0.0,0
-0.6088144366956648,0.0,0.0,0.0,0.0,1.0,0.0,1.0,0.0,0
-0.5444915761976659,0.0,0.0,0.0,0.0,1.0,0.0,1.0,0.0,0
0.31969707863014357,0.0,1.0,0.0,0.0,0.0,0.0,0.0,1.0,0
-0.200733338126393,1.0,0.0,0.0,0.0,0.0,0.0,0.0,1.0,0
1.9254679224482953,0.0,0.0,0.0,1.0,0.0,0.0,0.0,1.0,0
0.5487094686893379,0.0,1.0,0.0,0.0,0.0,1.0,0.0,0.0,0
-0.2950607520310591,0.0,1.0,0.0,0.0,0.0,0.0,1.0,0.0,0
1.0736453615165242,1.0,0.0,0.0,0.0,0.0,1.0,0.0,0.0,1
-0.6132240515733219,0.0,0.0,0.0,0.0,1.0,0.0,1.0,0.0,1
-0.6109233829415008,0.0,0.0,0.0,1.0,0.0,0.0,1.0,0.0,1
1.9577731444867836,0.0,0.0,0.0,0.0,1.0,1.0,0.0,0.0,1
0.8143408344716851,0.0,1.0,0.0,0.0,0.0,0.0,0.0,1.0,1
1.0736453615165242,1.0,0.0,0.0,0.0,0.0,1.0,0.0,0.0,1
-0.30493445490929144,1.0,0.0,0.0,0.0,0.0,0.0,1.0,0.0,1
-0.13391808661058788,0.0,0.0,0.0,1.0,0.0,0.0,0.0,1.0,1
-0.41258657463992143,0.0,0.0,0.0,1.0,0.0,0.0,0.0,1.0,1
-0.41258657463992143,0.0,0.0,0.0,1.0,0.0,0.0,0.0,1.0,1
0.2850911879598342,0.0,0.0,0.0,1.0,0.0,0.0,1.0,0.0,1
-0.576413353464184,0.0,0.0,0.0,1.0,0.0,0.0,0.0,1.0,1
-0.34011551273755614,0.0,1.0,0.0,0.0,0.0,0.0,1.0,0.0,1
0.2850911879598342,0.0,0.0,0.0,1.0,0.0,0.0,1.0,0.0,1
-0.5088312124044384,0.0,1.0,0.0,0.0,0.0,1.0,0.0,0.0,1
-0.2095525678817073,0.0,0.0,1.0,0.0,0.0,0.0,1.0,0.0,1
0.4883169171040334,0.0,0.0,1.0,0.0,0.0,0.0,0.0,1.0,1
0.2850911879598342,0.0,0.0,0.0,1.0,0.0,0.0,1.0,0.0,1
0.7609461499748367,0.0,1.0,0.0,0.0,0.0,0.0,0.0,1.0,1
3.4836916145421437,0.0,1.0,0.0,0.0,0.0,0.0,0.0,1.0,1
0.4883169171040334,0.0,0.0,1.0,0.0,0.0,0.0,0.0,1.0,1
0.8143408344716851,0.0,1.0,0.0,0.0,0.0,0.0,0.0,1.0,1
0.15203585208617923,1.0,0.0,0.0,0.0,0.0,0.0,0.0,1.0,1
-0.13957389699714817,0.0,0.0,0.0,1.0,0.0,1.0,0.0,0.0,1
-0.2095525678817073,0.0,0.0,1.0,0.0,0.0,0.0,1.0,0.0,1
-0.27598437462554226,1.0,0.0,0.0,0.0,0.0,1.0,0.0,0.0,1
0.0005751671579553026,0.0,0.0,0.0,1.0,0.0,1.0,0.0,0.0,1
-0.5796726340259305,0.0,1.0,0.0,0.0,0.0,0.0,1.0,0.0,1
1.1848443453878788,0.0,0.0,0.0,0.0,1.0,0.0,1.0,0.0,1
-0.6109233829415008,0.0,0.0,0.0,1.0,0.0,0.0,1.0,0.0,1
-0.5088312124044384,0.0,1.0,0.0,0.0,0.0,1.0,0.0,0.0,1
0.20207539482828865,1.0,0.0,0.0,0.0,0.0,1.0,0.0,0.0,1
-0.32957078150837593,0.0,0.0,1.0,0.0,0.0,0.0,1.0,0.0,1
0.8143408344716851,0.0,1.0,0.0,0.0,0.0,0.0,0.0,1.0,1
0.05071057109305732,0.0,0.0,0.0,0.0,1.0,0.0,0.0,1.0,1
1.0736453615165242,1.0,0.0,0.0,0.0,0.0,1.0,0.0,0.0,1
0.9535312866968633,0.0,0.0,0.0,1.0,0.0,0.0,1.0,0.0,1
0.35219402305461694,0.0,1.0,0.0,0.0,0.0,0.0,0.0,1.0,1
-0.27598437462554226,1.0,0.0,0.0,0.0,0.0,1.0,0.0,0.0,1
0.5868622235003716,0.0,0.0,0.0,1.0,0.0,1.0,0.0,0.0,1
0.05071057109305732,0.0,0.0,0.0,0.0,1.0,0.0,0.0,1.0,1
-0.5338509837754931,1.0,0.0,0.0,0.0,0.0,1.0,0.0,0.0,1
0.4883169171040334,0.0,0.0,1.0,0.0,0.0,0.0,0.0,1.0,1
-0.4695281232774943,0.0,0.0,0.0,1.0,0.0,0.0,1.0,0.0,1
-0.5796726340259305,0.0,1.0,0.0,0.0,0.0,0.0,1.0,0.0,1
-0.32957078150837593,0.0,0.0,1.0,0.0,0.0,0.0,1.0,0.0,1
1.9577731444867836,0.0,0.0,0.0,0.0,1.0,1.0,0.0,0.0,1
-0.1431207611378724,1.0,0.0,0.0,0.0,0.0,1.0,0.0,0.0,1
0.5868622235003716,0.0,0.0,0.0,1.0,0.0,1.0,0.0,0.0,1
-0.024252881827114353,0.0,0.0,0.0,0.0,1.0,0.0,1.0,0.0,1
-0.576413353464184,0.0,0.0,0.0,1.0,0.0,0.0,0.0,1.0,1
-0.34011551273755614,0.0,1.0,0.0,0.0,0.0,0.0,1.0,0.0,1
0.35219402305461694,0.0,1.0,0.0,0.0,0.0,0.0,0.0,1.0,1
0.4883169171040334,0.0,0.0,1.0,0.0,0.0,0.0,0.0,1.0,1
-0.6171543604860164,0.0,0.0,1.0,0.0,0.0,0.0,0.0,1.0,1
0.35219402305461694,0.0,1.0,0.0,0.0,0.0,0.0,0.0,1.0,1
-0.6132240515733219,0.0,0.0,0.0,0.0,1.0,0.0,1.0,0.0,1
0.9535312866968633,0.0,0.0,0.0,1.0,0.0,0.0,1.0,0.0,1
-0.5338509837754931,1.0,0.0,0.0,0.0,0.0,1.0,0.0,0.0,1
0.20447192465310232,0.0,1.0,0.0,0.0,0.0,0.0,0.0,1.0,1
0.016296402808732985,0.0,0.0,0.0,1.0,0.0,0.0,0.0,1.0,1
-0.576413353464184,0.0,0.0,0.0,1.0,0.0,0.0,0.0,1.0,1
0.5868622235003716,0.0,0.0,0.0,1.0,0.0,1.0,0.0,0.0,1
0.380952380952381,0.0,0.0,0.0,0.0,1.0,0.0,1.0,0.0,1
-0.6109233829415008,0.0,0.0,0.0,1.0,0.0,0.0,1.0,0.0,1
1.9577731444867836,0.0,0.0,0.0,0.0,1.0,1.0,0.0,0.0,1
0.5868622235003716,0.0,0.0,0.0,1.0,0.0,1.0,0.0,0.0,1
-0.13391808661058788,0.0,0.0,0.0,1.0,0.0,0.0,0.0,1.0,1
-0.34011551273755614,0.0,1.0,0.0,0.0,0.0,0.0,1.0,0.0,1
0.8143408344716851,0.0,1.0,0.0,0.0,0.0,0.0,0.0,1.0,1
1.1848443453878788,0.0,0.0,0.0,0.0,1.0,0.0,1.0,0.0,1
0.9535312866968633,0.0,0.0,0.0,1.0,0.0,0.0,1.0,0.0,1
0.2850911879598342,0.0,0.0,0.0,1.0,0.0,0.0,1.0,0.0,1
-0.5338509837754931,1.0,0.0,0.0,0.0,0.0,1.0,0.0,0.0,1
-0.27598437462554226,1.0,0.0,0.0,0.0,0.0,1.0,0.0,0.0,1
-0.6132240515733219,0.0,0.0,0.0,0.0,1.0,0.0,1.0,0.0,1
-0.6109233829415008,0.0,0.0,0.0,1.0,0.0,0.0,1.0,0.0,1
0.8868118963740506,0.0,0.0,0.0,0.0,1.0,0.0,0.0,1.0,1
-0.27598437462554226,1.0,0.0,0.0,0.0,0.0,1.0,0.0,0.0,1
-0.32957078150837593,0.0,0.0,1.0,0.0,0.0,0.0,1.0,0.0,1
0.05071057109305732,0.0,0.0,0.0,0.0,1.0,0.0,0.0,1.0,1
0.2850911879598342,0.0,0.0,0.0,1.0,0.0,0.0,1.0,0.0,1
0.8868118963740506,0.0,0.0,0.0,0.0,1.0,0.0,0.0,1.0,1
1.9577731444867836,0.0,0.0,0.0,0.0,1.0,1.0,0.0,0.0,1
0.2850911879598342,0.0,0.0,0.0,1.0,0.0,0.0,1.0,0.0,1
-0.41258657463992143,0.0,0.0,0.0,1.0,0.0,0.0,0.0,1.0,1
-0.024252881827114353,0.0,0.0,0.0,0.0,1.0,0.0,1.0,0.0,1
1.9577731444867836,0.0,0.0,0.0,0.0,1.0,1.0,0.0,0.0,1
-0.1431207611378724,1.0,0.0,0.0,0.0,0.0,1.0,0.0,0.0,1
-0.1431207611378724,1.0,0.0,0.0,0.0,0.0,1.0,0.0,0.0,1
0.15203585208617923,1.0,0.0,0.0,0.0,0.0,0.0,0.0,1.0,1
0.3914012509885686,1.0,0.0,0.0,0.0,0.0,0.0,0.0,1.0,1
1.0736453615165242,1.0,0.0,0.0,0.0,0.0,1.0,0.0,0.0,1
-0.5796726340259305,0.0,1.0,0.0,0.0,0.0,0.0,1.0,0.0,1
-0.32957078150837593,0.0,0.0,1.0,0.0,0.0,0.0,1.0,0.0,1
0.05071057109305732,0.0,0.0,0.0,0.0,1.0,0.0,0.0,1.0,1
1.9577731444867836,0.0,0.0,0.0,0.0,1.0,1.0,0.0,0.0,1
-0.13957389699714817,0.0,0.0,0.0,1.0,0.0,1.0,0.0,0.0,1
0.20447192465310232,0.0,1.0,0.0,0.0,0.0,0.0,0.0,1.0,1
0.15203585208617923,1.0,0.0,0.0,0.0,0.0,0.0,0.0,1.0,1
-0.13391808661058788,0.0,0.0,0.0,1.0,0.0,0.0,0.0,1.0,1
0.2850911879598342,0.0,0.0,0.0,1.0,0.0,0.0,1.0,0.0,1
0.20207539482828865,1.0,0.0,0.0,0.0,0.0,1.0,0.0,0.0,1
-0.1431207611378724,1.0,0.0,0.0,0.0,0.0,1.0,0.0,0.0,1
-0.34011551273755614,0.0,1.0,0.0,0.0,0.0,0.0,1.0,0.0,1
-0.2095525678817073,0.0,0.0,1.0,0.0,0.0,0.0,1.0,0.0,1
0.0005751671579553026,0.0,0.0,0.0,1.0,0.0,1.0,0.0,0.0,1
-0.1431207611378724,1.0,0.0,0.0,0.0,0.0,1.0,0.0,0.0,1
0.8868118963740506,0.0,0.0,0.0,0.0,1.0,0.0,0.0,1.0,1
-0.1431207611378724,1.0,0.0,0.0,0.0,0.0,1.0,0.0,0.0,1
0.20207539482828865,1.0,0.0,0.0,0.0,0.0,1.0,0.0,0.0,1
0.5868622235003716,0.0,0.0,0.0,1.0,0.0,1.0,0.0,0.0,1
-0.5088312124044384,0.0,1.0,0.0,0.0,0.0,1.0,0.0,0.0,1
0.8868118963740506,0.0,0.0,0.0,0.0,1.0,0.0,0.0,1.0,1
0.3914012509885686,1.0,0.0,0.0,0.0,0.0,0.0,0.0,1.0,1
-0.5338509837754931,1.0,0.0,0.0,0.0,0.0,1.0,0.0,0.0,1
0.5868622235003716,0.0,0.0,0.0,1.0,0.0,1.0,0.0,0.0,1
1.0736453615165242,1.0,0.0,0.0,0.0,0.0,1.0,0.0,0.0,1
0.0005751671579553026,0.0,0.0,0.0,1.0,0.0,1.0,0.0,0.0,1
0.05071057109305732,0.0,0.0,0.0,0.0,1.0,0.0,0.0,1.0,1
-0.6109233829415008,0.0,0.0,0.0,1.0,0.0,0.0,1.0,0.0,1
-0.6109233829415008,0.0,0.0,0.0,1.0,0.0,0.0,1.0,0.0,1
-0.5338509837754931,1.0,0.0,0.0,0.0,0.0,1.0,0.0,0.0,1
0.35104368873870645,0.0,0.0,1.0,0.0,0.0,1.0,0.0,0.0,1
0.17446737124643522,0.0,0.0,0.0,1.0,0.0,1.0,0.0,0.0,1
1.0736453615165242,1.0,0.0,0.0,0.0,0.0,1.0,0.0,0.0,1
0.17446737124643522,0.0,0.0,0.0,1.0,0.0,1.0,0.0,0.0,1
0.35219402305461694,0.0,1.0,0.0,0.0,0.0,0.0,0.0,1.0,1
0.7609461499748367,0.0,1.0,0.0,0.0,0.0,0.0,0.0,1.0,1
0.20207539482828865,1.0,0.0,0.0,0.0,0.0,1.0,0.0,0.0,1
-0.13391808661058788,0.0,0.0,0.0,1.0,0.0,0.0,0.0,1.0,1
1.0736453615165242,1.0,0.0,0.0,0.0,0.0,1.0,0.0,0.0,1
-0.6109233829415008,0.0,0.0,0.0,1.0,0.0,0.0,1.0,0.0,1
-0.6132240515733219,0.0,0.0,0.0,0.0,1.0,0.0,1.0,0.0,1
-0.576413353464184,0.0,0.0,0.0,1.0,0.0,0.0,0.0,1.0,1
0.35104368873870645,0.0,0.0,1.0,0.0,0.0,1.0,0.0,0.0,1
0.17446737124643522,0.0,0.0,0.0,1.0,0.0,1.0,0.0,0.0,1
-0.32957078150837593,0.0,0.0,1.0,0.0,0.0,0.0,1.0,0.0,1
-0.2095525678817073,0.0,0.0,1.0,0.0,0.0,0.0,1.0,0.0,1
-0.5796726340259305,0.0,1.0,0.0,0.0,0.0,0.0,1.0,0.0,1
0.4883169171040334,0.0,0.0,1.0,0.0,0.0,0.0,0.0,1.0,1
-0.6171543604860164,0.0,0.0,1.0,0.0,0.0,0.0,0.0,1.0,1
-0.5796726340259305,0.0,1.0,0.0,0.0,0.0,0.0,1.0,0.0,1
-0.5796726340259305,0.0,1.0,0.0,0.0,0.0,0.0,1.0,0.0,1
-0.4695281232774943,0.0,0.0,0.0,1.0,0.0,0.0,1.0,0.0,1
0.7609461499748367,0.0,1.0,0.0,0.0,0.0,0.0,0.0,1.0,1
-0.41258657463992143,0.0,0.0,0.0,1.0,0.0,0.0,0.0,1.0,1
-0.5796726340259305,0.0,1.0,0.0,0.0,0.0,0.0,1.0,0.0,1
-0.27598437462554226,1.0,0.0,0.0,0.0,0.0,1.0,0.0,0.0,1
1.0736453615165242,1.0,0.0,0.0,0.0,0.0,1.0,0.0,0.0,1
0.15203585208617923,1.0,0.0,0.0,0.0,0.0,0.0,0.0,1.0,1
0.8868118963740506,0.0,0.0,0.0,0.0,1.0,0.0,0.0,1.0,1
0.0005751671579553026,0.0,0.0,0.0,1.0,0.0,1.0,0.0,0.0,1
0.35104368873870645,0.0,0.0,1.0,0.0,0.0,1.0,0.0,0.0,1
-0.5088312124044384,0.0,1.0,0.0,0.0,0.0,1.0,0.0,0.0,1
1.0736453615165242,1.0,0.0,0.0,0.0,0.0,1.0,0.0,0.0,1
-0.6171543604860164,0.0,0.0,1.0,0.0,0.0,0.0,0.0,1.0,1
1.9577731444867836,0.0,0.0,0.0,0.0,1.0,1.0,0.0,0.0,1
0.0005751671579553026,0.0,0.0,0.0,1.0,0.0,1.0,0.0,0.0,1
0.05071057109305732,0.0,0.0,0.0,0.0,1.0,0.0,0.0,1.0,1
0.20207539482828865,1.0,0.0,0.0,0.0,0.0,1.0,0.0,0.0,1
0.15203585208617923,1.0,0.0,0.0,0.0,0.0,0.0,0.0,1.0,1
0.2850911879598342,0.0,0.0,0.0,1.0,0.0,0.0,1.0,0.0,1
-0.6109233829415008,0.0,0.0,0.0,1.0,0.0,0.0,1.0,0.0,1
0.17446737124643522,0.0,0.0,0.0,1.0,0.0,1.0,0.0,0.0,1
0.17446737124643522,0.0,0.0,0.0,1.0,0.0,1.0,0.0,0.0,1
0.2850911879598342,0.0,0.0,0.0,1.0,0.0,0.0,1.0,0.0,1
-0.13957389699714817,0.0,0.0,0.0,1.0,0.0,1.0,0.0,0.0,1
1.0736453615165242,1.0,0.0,0.0,0.0,0.0,1.0,0.0,0.0,1
0.4883169171040334,0.0,0.0,1.0,0.0,0.0,0.0,0.0,1.0,1
-0.5088312124044384,0.0,1.0,0.0,0.0,0.0,1.0,0.0,0.0,1
0.20207539482828865,1.0,0.0,0.0,0.0,0.0,1.0,0.0,0.0,1
-0.024252881827114353,0.0,0.0,0.0,0.0,1.0,0.0,1.0,0.0,1
0.4883169171040334,0.0,0.0,1.0,0.0,0.0,0.0,0.0,1.0,1
0.4883169171040334,0.0,0.0,1.0,0.0,0.0,0.0,0.0,1.0,1
-0.5796726340259305,0.0,1.0,0.0,0.0,0.0,0.0,1.0,0.0,1
-0.13391808661058788,0.0,0.0,0.0,1.0,0.0,0.0,0.0,1.0,1
0.20207539482828865,1.0,0.0,0.0,0.0,0.0,1.0,0.0,0.0,1
0.17446737124643522,0.0,0.0,0.0,1.0,0.0,1.0,0.0,0.0,1
0.15203585208617923,1.0,0.0,0.0,0.0,0.0,0.0,0.0,1.0,1
0.8868118963740506,0.0,0.0,0.0,0.0,1.0,0.0,0.0,1.0,1
-0.30493445490929144,1.0,0.0,0.0,0.0,0.0,0.0,1.0,0.0,1
0.4883169171040334,0.0,0.0,1.0,0.0,0.0,0.0,0.0,1.0,1
-0.5338509837754931,1.0,0.0,0.0,0.0,0.0,1.0,0.0,0.0,1
0.17446737124643522,0.0,0.0,0.0,1.0,0.0,1.0,0.0,0.0,1
-0.6171543604860164,0.0,0.0,1.0,0.0,0.0,0.0,0.0,1.0,1
0.17446737124643522,0.0,0.0,0.0,1.0,0.0,1.0,0.0,0.0,1
0.35219402305461694,0.0,1.0,0.0,0.0,0.0,0.0,0.0,1.0,1
-0.41258657463992143,0.0,0.0,0.0,1.0,0.0,0.0,0.0,1.0,1
-0.024252881827114353,0.0,0.0,0.0,0.0,1.0,0.0,1.0,0.0,1
3.4836916145421437,0.0,1.0,0.0,0.0,0.0,0.0,0.0,1.0,1
0.2850911879598342,0.0,0.0,0.0,1.0,0.0,0.0,1.0,0.0,1
0.3914012509885686,1.0,0.0,0.0,0.0,0.0,0.0,0.0,1.0,1
0.20447192465310232,0.0,1.0,0.0,0.0,0.0,0.0,0.0,1.0,1
-0.6171543604860164,0.0,0.0,1.0,0.0,0.0,0.0,0.0,1.0,1
-0.2095525678817073,0.0,0.0,1.0,0.0,0.0,0.0,1.0,0.0,1
-0.41258657463992143,0.0,0.0,0.0,1.0,0.0,0.0,0.0,1.0,1
1.1848443453878788,0.0,0.0,0.0,0.0,1.0,0.0,1.0,0.0,1
0.15203585208617923,1.0,0.0,0.0,0.0,0.0,0.0,0.0,1.0,1
0.05071057109305732,0.0,0.0,0.0,0.0,1.0,0.0,0.0,1.0,1
-0.6171543604860164,0.0,0.0,1.0,0.0,0.0,0.0,0.0,1.0,1
1.1848443453878788,0.0,0.0,0.0,0.0,1.0,0.0,1.0,0.0,1
-0.6132240515733219,0.0,0.0,0.0,0.0,1.0,0.0,1.0,0.0,1
-0.5088312124044384,0.0,1.0,0.0,0.0,0.0,1.0,0.0,0.0,1
-0.4695281232774943,0.0,0.0,0.0,1.0,0.0,0.0,1.0,0.0,1
-0.576413353464184,0.0,0.0,0.0,1.0,0.0,0.0,0.0,1.0,1
-0.30493445490929144,1.0,0.0,0.0,0.0,0.0,0.0,1.0,0.0,1
-0.5338509837754931,1.0,0.0,0.0,0.0,0.0,1.0,0.0,0.0,1
-0.5088312124044384,0.0,1.0,0.0,0.0,0.0,1.0,0.0,0.0,1
-0.30493445490929144,1.0,0.0,0.0,0.0,0.0,0.0,1.0,0.0,1
-0.4695281232774943,0.0,0.0,0.0,1.0,0.0,0.0,1.0,0.0,1
0.17446737124643522,0.0,0.0,0.0,1.0,0.0,1.0,0.0,0.0,1
-0.32957078150837593,0.0,0.0,1.0,0.0,0.0,0.0,1.0,0.0,1
0.15203585208617923,1.0,0.0,0.0,0.0,0.0,0.0,0.0,1.0,1
-0.34011551273755614,0.0,1.0,0.0,0.0,0.0,0.0,1.0,0.0,1
1.0736453615165242,1.0,0.0,0.0,0.0,0.0,1.0,0.0,0.0,1
0.9535312866968633,0.0,0.0,0.0,1.0,0.0,0.0,1.0,0.0,1
-0.34011551273755614,0.0,1.0,0.0,0.0,0.0,0.0,1.0,0.0,1
0.8868118963740506,0.0,0.0,0.0,0.0,1.0,0.0,0.0,1.0,1
-0.41258657463992143,0.0,0.0,0.0,1.0,0.0,0.0,0.0,1.0,1
-0.5796726340259305,0.0,1.0,0.0,0.0,0.0,0.0,1.0,0.0,1
-0.27598437462554226,1.0,0.0,0.0,0.0,0.0,1.0,0.0,0.0,1
-0.13391808661058788,0.0,0.0,0.0,1.0,0.0,0.0,0.0,1.0,1
0.380952380952381,0.0,0.0,0.0,0.0,1.0,0.0,1.0,0.0,1
0.7609461499748367,0.0,1.0,0.0,0.0,0.0,0.0,0.0,1.0,1
-0.1431207611378724,1.0,0.0,0.0,0.0,0.0,1.0,0.0,0.0,1
-0.32957078150837593,0.0,0.0,1.0,0.0,0.0,0.0,1.0,0.0,1
1.1848443453878788,0.0,0.0,0.0,0.0,1.0,0.0,1.0,0.0,1
-0.5338509837754931,1.0,0.0,0.0,0.0,0.0,1.0,0.0,0.0,1
0.4883169171040334,0.0,0.0,1.0,0.0,0.0,0.0,0.0,1.0,1
0.8868118963740506,0.0,0.0,0.0,0.0,1.0,0.0,0.0,1.0,1
-0.13957389699714817,0.0,0.0,0.0,1.0,0.0,1.0,0.0,0.0,1
0.3914012509885686,1.0,0.0,0.0,0.0,0.0,0.0,0.0,1.0,1
0.20207539482828865,1.0,0.0,0.0,0.0,0.0,1.0,0.0,0.0,1
0.17446737124643522,0.0,0.0,0.0,1.0,0.0,1.0,0.0,0.0,1
0.05071057109305732,0.0,0.0,0.0,0.0,1.0,0.0,0.0,1.0,1
-0.1431207611378724,1.0,0.0,0.0,0.0,0.0,1.0,0.0,0.0,1
-0.30493445490929144,1.0,0.0,0.0,0.0,0.0,0.0,1.0,0.0,1
1.1848443453878788,0.0,0.0,0.0,0.0,1.0,0.0,1.0,0.0,1
-0.5088312124044384,0.0,1.0,0.0,0.0,0.0,1.0,0.0,0.0,1
-0.4695281232774943,0.0,0.0,0.0,1.0,0.0,0.0,1.0,0.0,1
0.2850911879598342,0.0,0.0,0.0,1.0,0.0,0.0,1.0,0.0,1
0.15203585208617923,1.0,0.0,0.0,0.0,0.0,0.0,0.0,1.0,1
0.2850911879598342,0.0,0.0,0.0,1.0,0.0,0.0,1.0,0.0,1
-0.41258657463992143,0.0,0.0,0.0,1.0,0.0,0.0,0.0,1.0,1
1.9577731444867836,0.0,0.0,0.0,0.0,1.0,1.0,0.0,0.0,1
-0.576413353464184,0.0,0.0,0.0,1.0,0.0,0.0,0.0,1.0,1
3.4836916145421437,0.0,1.0,0.0,0.0,0.0,0.0,0.0,1.0,1
-0.34011551273755614,0.0,1.0,0.0,0.0,0.0,0.0,1.0,0.0,1
-0.4695281232774943,0.0,0.0,0.0,1.0,0.0,0.0,1.0,0.0,1
-0.1431207611378724,1.0,0.0,0.0,0.0,0.0,1.0,0.0,0.0,1
-0.27598437462554226,1.0,0.0,0.0,0.0,0.0,1.0,0.0,0.0,1
-0.1431207611378724,1.0,0.0,0.0,0.0,0.0,1.0,0.0,0.0,1
-0.27598437462554226,1.0,0.0,0.0,0.0,0.0,1.0,0.0,0.0,1
-0.6132240515733219,0.0,0.0,0.0,0.0,1.0,0.0,1.0,0.0,1
0.9535312866968633,0.0,0.0,0.0,1.0,0.0,0.0,1.0,0.0,1
0.9535312866968633,0.0,0.0,0.0,1.0,0.0,0.0,1.0,0.0,1
0.4883169171040334,0.0,0.0,1.0,0.0,0.0,0.0,0.0,1.0,1
-0.1431207611378724,1.0,0.0,0.0,0.0,0.0,1.0,0.0,0.0,1
1.1848443453878788,0.0,0.0,0.0,0.0,1.0,0.0,1.0,0.0,1
-0.576413353464184,0.0,0.0,0.0,1.0,0.0,0.0,0.0,1.0,1
0.15203585208617923,1.0,0.0,0.0,0.0,0.0,0.0,0.0,1.0,1
0.35219402305461694,0.0,1.0,0.0,0.0,0.0,0.0,0.0,1.0,1
0.15203585208617923,1.0,0.0,0.0,0.0,0.0,0.0,0.0,1.0,1
0.5868622235003716,0.0,0.0,0.0,1.0,0.0,1.0,0.0,0.0,1
0.8143408344716851,0.0,1.0,0.0,0.0,0.0,0.0,0.0,1.0,1
-0.4695281232774943,0.0,0.0,0.0,1.0,0.0,0.0,1.0,0.0,1
1.9577731444867836,0.0,0.0,0.0,0.0,1.0,1.0,0.0,0.0,1
-0.32957078150837593,0.0,0.0,1.0,0.0,0.0,0.0,1.0,0.0,1
-0.5088312124044384,0.0,1.0,0.0,0.0,0.0,1.0,0.0,0.0,1
-0.024252881827114353,0.0,0.0,0.0,0.0,1.0,0.0,1.0,0.0,1
0.15203585208617923,1.0,0.0,0.0,0.0,0.0,0.0,0.0,1.0,1
-0.13957389699714817,0.0,0.0,0.0,1.0,0.0,1.0,0.0,0.0,1
-0.2095525678817073,0.0,0.0,1.0,0.0,0.0,0.0,1.0,0.0,1
-0.2095525678817073,0.0,0.0,1.0,0.0,0.0,0.0,1.0,0.0,1
0.7609461499748367,0.0,1.0,0.0,0.0,0.0,0.0,0.0,1.0,1
3.4836916145421437,0.0,1.0,0.0,0.0,0.0,0.0,0.0,1.0,1
3.4836916145421437,0.0,1.0,0.0,0.0,0.0,0.0,0.0,1.0,1
1.9577731444867836,0.0,0.0,0.0,0.0,1.0,1.0,0.0,0.0,1
0.0005751671579553026,0.0,0.0,0.0,1.0,0.0,1.0,0.0,0.0,1
0.0005751671579553026,0.0,0.0,0.0,1.0,0.0,1.0,0.0,0.0,1
0.20447192465310232,0.0,1.0,0.0,0.0,0.0,0.0,0.0,1.0,1
0.8143408344716851,0.0,1.0,0.0,0.0,0.0,0.0,0.0,1.0,1
0.7609461499748367,0.0,1.0,0.0,0.0,0.0,0.0,0.0,1.0,1
0.15203585208617923,1.0,0.0,0.0,0.0,0.0,0.0,0.0,1.0,1
-0.5796726340259305,0.0,1.0,0.0,0.0,0.0,0.0,1.0,0.0,1
0.15203585208617923,1.0,0.0,0.0,0.0,0.0,0.0,0.0,1.0,1
0.3914012509885686,1.0,0.0,0.0,0.0,0.0,0.0,0.0,1.0,1
-0.30493445490929144,1.0,0.0,0.0,0.0,0.0,0.0,1.0,0.0,1
0.35219402305461694,0.0,1.0,0.0,0.0,0.0,0.0,0.0,1.0,1
-0.1431207611378724,1.0,0.0,0.0,0.0,0.0,1.0,0.0,0.0,1
-0.024252881827114353,0.0,0.0,0.0,0.0,1.0,0.0,1.0,0.0,1
-0.5796726340259305,0.0,1.0,0.0,0.0,0.0,0.0,1.0,0.0,1
0.7609461499748367,0.0,1.0,0.0,0.0,0.0,0.0,0.0,1.0,1
-0.6132240515733219,0.0,0.0,0.0,0.0,1.0,0.0,1.0,0.0,1
-0.6171543604860164,0.0,0.0,1.0,0.0,0.0,0.0,0.0,1.0,1
-0.1431207611378724,1.0,0.0,0.0,0.0,0.0,1.0,0.0,0.0,1
0.20207539482828865,1.0,0.0,0.0,0.0,0.0,1.0,0.0,0.0,1
0.2850911879598342,0.0,0.0,0.0,1.0,0.0,0.0,1.0,0.0,1
-0.6132240515733219,0.0,0.0,0.0,0.0,1.0,0.0,1.0,0.0,1
0.380952380952381,0.0,0.0,0.0,0.0,1.0,0.0,1.0,0.0,1
-0.1431207611378724,1.0,0.0,0.0,0.0,0.0,1.0,0.0,0.0,1
0.15203585208617923,1.0,0.0,0.0,0.0,0.0,0.0,0.0,1.0,1
0.8143408344716851,0.0,1.0,0.0,0.0,0.0,0.0,0.0,1.0,1
0.17446737124643522,0.0,0.0,0.0,1.0,0.0,1.0,0.0,0.0,1
-0.13391808661058788,0.0,0.0,0.0,1.0,0.0,0.0,0.0,1.0,1
0.15203585208617923,1.0,0.0,0.0,0.0,0.0,0.0,0.0,1.0,1
-0.5088312124044384,0.0,1.0,0.0,0.0,0.0,1.0,0.0,0.0,1
0.9535312866968633,0.0,0.0,0.0,1.0,0.0,0.0,1.0,0.0,1
-0.27598437462554226,1.0,0.0,0.0,0.0,0.0,1.0,0.0,0.0,1
0.380952380952381,0.0,0.0,0.0,0.0,1.0,0.0,1.0,0.0,1
-0.5088312124044384,0.0,1.0,0.0,0.0,0.0,1.0,0.0,0.0,1
-0.34011551273755614,0.0,1.0,0.0,0.0,0.0,0.0,1.0,0.0,1
0.2850911879598342,0.0,0.0,0.0,1.0,0.0,0.0,1.0,0.0,1
0.17446737124643522,0.0,0.0,0.0,1.0,0.0,1.0,0.0,0.0,1
-0.2095525678817073,0.0,0.0,1.0,0.0,0.0,0.0,1.0,0.0,1
-0.13391808661058788,0.0,0.0,0.0,1.0,0.0,0.0,0.0,1.0,1
0.4883169171040334,0.0,0.0,1.0,0.0,0.0,0.0,0.0,1.0,1
0.0005751671579553026,0.0,0.0,0.0,1.0,0.0,1.0,0.0,0.0,1
0.4883169171040334,0.0,0.0,1.0,0.0,0.0,0.0,0.0,1.0,1
-0.5338509837754931,1.0,0.0,0.0,0.0,0.0,1.0,0.0,0.0,1
-0.024252881827114353,0.0,0.0,0.0,0.0,1.0,0.0,1.0,0.0,1
-0.34011551273755614,0.0,1.0,0.0,0.0,0.0,0.0,1.0,0.0,1
0.15203585208617923,1.0,0.0,0.0,0.0,0.0,0.0,0.0,1.0,1
0.05071057109305732,0.0,0.0,0.0,0.0,1.0,0.0,0.0,1.0,1
1.0736453615165242,1.0,0.0,0.0,0.0,0.0,1.0,0.0,0.0,1
-0.6132240515733219,0.0,0.0,0.0,0.0,1.0,0.0,1.0,0.0,1
-0.5338509837754931,1.0,0.0,0.0,0.0,0.0,1.0,0.0,0.0,1
-0.1431207611378724,1.0,0.0,0.0,0.0,0.0,1.0,0.0,0.0,1
-0.27598437462554226,1.0,0.0,0.0,0.0,0.0,1.0,0.0,0.0,1
0.2850911879598342,0.0,0.0,0.0,1.0,0.0,0.0,1.0,0.0,1
0.35104368873870645,0.0,0.0,1.0,0.0,0.0,1.0,0.0,0.0,1
-0.32957078150837593,0.0,0.0,1.0,0.0,0.0,0.0,1.0,0.0,1
-0.576413353464184,0.0,0.0,0.0,1.0,0.0,0.0,0.0,1.0,1
-0.4695281232774943,0.0,0.0,0.0,1.0,0.0,0.0,1.0,0.0,1
0.8868118963740506,0.0,0.0,0.0,0.0,1.0,0.0,0.0,1.0,1
1.9577731444867836,0.0,0.0,0.0,0.0,1.0,1.0,0.0,0.0,1
1.1848443453878788,0.0,0.0,0.0,0.0,1.0,0.0,1.0,0.0,1
0.5868622235003716,0.0,0.0,0.0,1.0,0.0,1.0,0.0,0.0,1
-0.13957389699714817,0.0,0.0,0.0,1.0,0.0,1.0,0.0,0.0,1
-0.13391808661058788,0.0,0.0,0.0,1.0,0.0,0.0,0.0,1.0,1
-0.6109233829415008,0.0,0.0,0.0,1.0,0.0,0.0,1.0,0.0,1
-0.5796726340259305,0.0,1.0,0.0,0.0,0.0,0.0,1.0,0.0,1
0.20447192465310232,0.0,1.0,0.0,0.0,0.0,0.0,0.0,1.0,1
0.4883169171040334,0.0,0.0,1.0,0.0,0.0,0.0,0.0,1.0,1
0.17446737124643522,0.0,0.0,0.0,1.0,0.0,1.0,0.0,0.0,1
-0.13391808661058788,0.0,0.0,0.0,1.0,0.0,0.0,0.0,1.0,1
-0.2095525678817073,0.0,0.0,1.0,0.0,0.0,0.0,1.0,0.0,1
-0.27598437462554226,1.0,0.0,0.0,0.0,0.0,1.0,0.0,0.0,1
-0.2095525678817073,0.0,0.0,1.0,0.0,0.0,0.0,1.0,0.0,1
-0.2095525678817073,0.0,0.0,1.0,0.0,0.0,0.0,1.0,0.0,1
-0.6171543604860164,0.0,0.0,1.0,0.0,0.0,0.0,0.0,1.0,1
-0.6109233829415008,0.0,0.0,0.0,1.0,0.0,0.0,1.0,0.0,1
0.20207539482828865,1.0,0.0,0.0,0.0,0.0,1.0,0.0,0.0,1
0.15203585208617923,1.0,0.0,0.0,0.0,0.0,0.0,0.0,1.0,1
1.9577731444867836,0.0,0.0,0.0,0.0,1.0,1.0,0.0,0.0,1
0.3914012509885686,1.0,0.0,0.0,0.0,0.0,0.0,0.0,1.0,1
1.0736453615165242,1.0,0.0,0.0,0.0,0.0,1.0,0.0,0.0,1
0.35219402305461694,0.0,1.0,0.0,0.0,0.0,0.0,0.0,1.0,1
-0.6171543604860164,0.0,0.0,1.0,0.0,0.0,0.0,0.0,1.0,1
0.17446737124643522,0.0,0.0,0.0,1.0,0.0,1.0,0.0,0.0,1
0.7609461499748367,0.0,1.0,0.0,0.0,0.0,0.0,0.0,1.0,1
-0.1431207611378724,1.0,0.0,0.0,0.0,0.0,1.0,0.0,0.0,1
-0.34011551273755614,0.0,1.0,0.0,0.0,0.0,0.0,1.0,0.0,1
1.1848443453878788,0.0,0.0,0.0,0.0,1.0,0.0,1.0,0.0,1
0.35104368873870645,0.0,0.0,1.0,0.0,0.0,1.0,0.0,0.0,1
0.7609461499748367,0.0,1.0,0.0,0.0,0.0,0.0,0.0,1.0,1
-0.30493445490929144,1.0,0.0,0.0,0.0,0.0,0.0,1.0,0.0,1
-0.024252881827114353,0.0,0.0,0.0,0.0,1.0,0.0,1.0,0.0,1
-0.30493445490929144,1.0,0.0,0.0,0.0,0.0,0.0,1.0,0.0,1
-0.5796726340259305,0.0,1.0,0.0,0.0,0.0,0.0,1.0,0.0,1
-0.5338509837754931,1.0,0.0,0.0,0.0,0.0,1.0,0.0,0.0,1
0.20207539482828865,1.0,0.0,0.0,0.0,0.0,1.0,0.0,0.0,1
-0.5338509837754931,1.0,0.0,0.0,0.0,0.0,1.0,0.0,0.0,1
-0.13391808661058788,0.0,0.0,0.0,1.0,0.0,0.0,0.0,1.0,1
0.05071057109305732,0.0,0.0,0.0,0.0,1.0,0.0,0.0,1.0,1
-0.13957389699714817,0.0,0.0,0.0,1.0,0.0,1.0,0.0,0.0,1
0.8868118963740506,0.0,0.0,0.0,0.0,1.0,0.0,0.0,1.0,1
0.8868118963740506,0.0,0.0,0.0,0.0,1.0,0.0,0.0,1.0,1
0.20447192465310232,0.0,1.0,0.0,0.0,0.0,0.0,0.0,1.0,1
0.17446737124643522,0.0,0.0,0.0,1.0,0.0,1.0,0.0,0.0,1
-0.27598437462554226,1.0,0.0,0.0,0.0,0.0,1.0,0.0,0.0,1
-0.34011551273755614,0.0,1.0,0.0,0.0,0.0,0.0,1.0,0.0,1
0.8868118963740506,0.0,0.0,0.0,0.0,1.0,0.0,0.0,1.0,1
1.1848443453878788,0.0,0.0,0.0,0.0,1.0,0.0,1.0,0.0,1
1.0736453615165242,1.0,0.0,0.0,0.0,0.0,1.0,0.0,0.0,1
0.3914012509885686,1.0,0.0,0.0,0.0,0.0,0.0,0.0,1.0,1
-0.2095525678817073,0.0,0.0,1.0,0.0,0.0,0.0,1.0,0.0,1
-0.6132240515733219,0.0,0.0,0.0,0.0,1.0,0.0,1.0,0.0,1
-0.5088312124044384,0.0,1.0,0.0,0.0,0.0,1.0,0.0,0.0,1
-0.13957389699714817,0.0,0.0,0.0,1.0,0.0,1.0,0.0,0.0,1
-0.5338509837754931,1.0,0.0,0.0,0.0,0.0,1.0,0.0,0.0,1
1.1848443453878788,0.0,0.0,0.0,0.0,1.0,0.0,1.0,0.0,1
0.20207539482828865,1.0,0.0,0.0,0.0,0.0,1.0,0.0,0.0,1
-0.2095525678817073,0.0,0.0,1.0,0.0,0.0,0.0,1.0,0.0,1
-0.6132240515733219,0.0,0.0,0.0,0.0,1.0,0.0,1.0,0.0,1
0.5868622235003716,0.0,0.0,0.0,1.0,0.0,1.0,0.0,0.0,1
-0.5796726340259305,0.0,1.0,0.0,0.0,0.0,0.0,1.0,0.0,1
0.3914012509885686,1.0,0.0,0.0,0.0,0.0,0.0,0.0,1.0,1
0.7609461499748367,0.0,1.0,0.0,0.0,0.0,0.0,0.0,1.0,1
0.3914012509885686,1.0,0.0,0.0,0.0,0.0,0.0,0.0,1.0,1
-0.13957389699714817,0.0,0.0,0.0,1.0,0.0,1.0,0.0,0.0,1
1.1848443453878788,0.0,0.0,0.0,0.0,1.0,0.0,1.0,0.0,1
-0.5338509837754931,1.0,0.0,0.0,0.0,0.0,1.0,0.0,0.0,1
-0.5338509837754931,1.0,0.0,0.0,0.0,0.0,1.0,0.0,0.0,1
0.8143408344716851,0.0,1.0,0.0,0.0,0.0,0.0,0.0,1.0,1
1.0736453615165242,1.0,0.0,0.0,0.0,0.0,1.0,0.0,0.0,1
-0.576413353464184,0.0,0.0,0.0,1.0,0.0,0.0,0.0,1.0,1
0.15203585208617923,1.0,0.0,0.0,0.0,0.0,0.0,0.0,1.0,1
0.7609461499748367,0.0,1.0,0.0,0.0,0.0,0.0,0.0,1.0,1
0.20207539482828865,1.0,0.0,0.0,0.0,0.0,1.0,0.0,0.0,1
-0.13391808661058788,0.0,0.0,0.0,1.0,0.0,0.0,0.0,1.0,1
0.016296402808732985,0.0,0.0,0.0,1.0,0.0,0.0,0.0,1.0,1
0.3914012509885686,1.0,0.0,0.0,0.0,0.0,0.0,0.0,1.0,1
-0.576413353464184,0.0,0.0,0.0,1.0,0.0,0.0,0.0,1.0,1
0.20447192465310232,0.0,1.0,0.0,0.0,0.0,0.0,0.0,1.0,1
0.380952380952381,0.0,0.0,0.0,0.0,1.0,0.0,1.0,0.0,1
0.016296402808732985,0.0,0.0,0.0,1.0,0.0,0.0,0.0,1.0,1
-0.30493445490929144,1.0,0.0,0.0,0.0,0.0,0.0,1.0,0.0,1
0.17446737124643522,0.0,0.0,0.0,1.0,0.0,1.0,0.0,0.0,1
0.8868118963740506,0.0,0.0,0.0,0.0,1.0,0.0,0.0,1.0,1
0.3914012509885686,1.0,0.0,0.0,0.0,0.0,0.0,0.0,1.0,1
0.35219402305461694,0.0,1.0,0.0,0.0,0.0,0.0,0.0,1.0,1
1.1848443453878788,0.0,0.0,0.0,0.0,1.0,0.0,1.0,0.0,1
0.2850911879598342,0.0,0.0,0.0,1.0,0.0,0.0,1.0,0.0,1
1.1848443453878788,0.0,0.0,0.0,0.0,1.0,0.0,1.0,0.0,1
0.4883169171040334,0.0,0.0,1.0,0.0,0.0,0.0,0.0,1.0,1
-0.5796726340259305,0.0,1.0,0.0,0.0,0.0,0.0,1.0,0.0,1
0.17446737124643522,0.0,0.0,0.0,1.0,0.0,1.0,0.0,0.0,1
0.0005751671579553026,0.0,0.0,0.0,1.0,0.0,1.0,0.0,0.0,1
-0.4695281232774943,0.0,0.0,0.0,1.0,0.0,0.0,1.0,0.0,1
0.2850911879598342,0.0,0.0,0.0,1.0,0.0,0.0,1.0,0.0,1
-0.13957389699714817,0.0,0.0,0.0,1.0,0.0,1.0,0.0,0.0,1
-0.1431207611378724,1.0,0.0,0.0,0.0,0.0,1.0,0.0,0.0,1
0.15203585208617923,1.0,0.0,0.0,0.0,0.0,0.0,0.0,1.0,1
0.15203585208617923,1.0,0.0,0.0,0.0,0.0,0.0,0.0,1.0,1
0.20207539482828865,1.0,0.0,0.0,0.0,0.0,1.0,0.0,0.0,1
-0.13957389699714817,0.0,0.0,0.0,1.0,0.0,1.0,0.0,0.0,1
-0.5088312124044384,0.0,1.0,0.0,0.0,0.0,1.0,0.0,0.0,1
0.8868118963740506,0.0,0.0,0.0,0.0,1.0,0.0,0.0,1.0,1
0.15203585208617923,1.0,0.0,0.0,0.0,0.0,0.0,0.0,1.0,1
-0.34011551273755614,0.0,1.0,0.0,0.0,0.0,0.0,1.0,0.0,1
0.016296402808732985,0.0,0.0,0.0,1.0,0.0,0.0,0.0,1.0,1
-0.6132240515733219,0.0,0.0,0.0,0.0,1.0,0.0,1.0,0.0,1
0.35104368873870645,0.0,0.0,1.0,0.0,0.0,1.0,0.0,0.0,1
-0.13957389699714817,0.0,0.0,0.0,1.0,0.0,1.0,0.0,0.0,1
0.380952380952381,0.0,0.0,0.0,0.0,1.0,0.0,1.0,0.0,1
0.4883169171040334,0.0,0.0,1.0,0.0,0.0,0.0,0.0,1.0,1
-0.1431207611378724,1.0,0.0,0.0,0.0,0.0,1.0,0.0,0.0,1
-0.13391808661058788,0.0,0.0,0.0,1.0,0.0,0.0,0.0,1.0,1
-0.024252881827114353,0.0,0.0,0.0,0.0,1.0,0.0,1.0,0.0,1
-0.5338509837754931,1.0,0.0,0.0,0.0,0.0,1.0,0.0,0.0,1
1.9577731444867836,0.0,0.0,0.0,0.0,1.0,1.0,0.0,0.0,1
-0.6132240515733219,0.0,0.0,0.0,0.0,1.0,0.0,1.0,0.0,1
-0.5338509837754931,1.0,0.0,0.0,0.0,0.0,1.0,0.0,0.0,1
0.016296402808732985,0.0,0.0,0.0,1.0,0.0,0.0,0.0,1.0,1
-0.5338509837754931,1.0,0.0,0.0,0.0,0.0,1.0,0.0,0.0,1
0.20447192465310232,0.0,1.0,0.0,0.0,0.0,0.0,0.0,1.0,1
-0.32957078150837593,0.0,0.0,1.0,0.0,0.0,0.0,1.0,0.0,1
0.35219402305461694,0.0,1.0,0.0,0.0,0.0,0.0,0.0,1.0,1
-0.41258657463992143,0.0,0.0,0.0,1.0,0.0,0.0,0.0,1.0,1
-0.6132240515733219,0.0,0.0,0.0,0.0,1.0,0.0,1.0,0.0,1
-0.576413353464184,0.0,0.0,0.0,1.0,0.0,0.0,0.0,1.0,1
-0.27598437462554226,1.0,0.0,0.0,0.0,0.0,1.0,0.0,0.0,1
0.8143408344716851,0.0,1.0,0.0,0.0,0.0,0.0,0.0,1.0,1
-0.576413353464184,0.0,0.0,0.0,1.0,0.0,0.0,0.0,1.0,1
0.016296402808732985,0.0,0.0,0.0,1.0,0.0,0.0,0.0,1.0,1
0.20207539482828865,1.0,0.0,0.0,0.0,0.0,1.0,0.0,0.0,1
0.05071057109305732,0.0,0.0,0.0,0.0,1.0,0.0,0.0,1.0,1
0.2850911879598342,0.0,0.0,0.0,1.0,0.0,0.0,1.0,0.0,1
-0.1431207611378724,1.0,0.0,0.0,0.0,0.0,1.0,0.0,0.0,1
-0.1431207611378724,1.0,0.0,0.0,0.0,0.0,1.0,0.0,0.0,1
-0.576413353464184,0.0,0.0,0.0,1.0,0.0,0.0,0.0,1.0,1
0.9535312866968633,0.0,0.0,0.0,1.0,0.0,0.0,1.0,0.0,1
1.0736453615165242,1.0,0.0,0.0,0.0,0.0,1.0,0.0,0.0,1
0.17446737124643522,0.0,0.0,0.0,1.0,0.0,1.0,0.0,0.0,1
0.2850911879598342,0.0,0.0,0.0,1.0,0.0,0.0,1.0,0.0,1
-0.13391808661058788,0.0,0.0,0.0,1.0,0.0,0.0,0.0,1.0,1
0.17446737124643522,0.0,0.0,0.0,1.0,0.0,1.0,0.0,0.0,1
0.20207539482828865,1.0,0.0,0.0,0.0,0.0,1.0,0.0,0.0,1
-0.13957389699714817,0.0,0.0,0.0,1.0,0.0,1.0,0.0,0.0,1
0.35104368873870645,0.0,0.0,1.0,0.0,0.0,1.0,0.0,0.0,1
-0.13391808661058788,0.0,0.0,0.0,1.0,0.0,0.0,0.0,1.0,1
-0.27598437462554226,1.0,0.0,0.0,0.0,0.0,1.0,0.0,0.0,1
-0.1431207611378724,1.0,0.0,0.0,0.0,0.0,1.0,0.0,0.0,1
0.7609461499748367,0.0,1.0,0.0,0.0,0.0,0.0,0.0,1.0,1
-0.024252881827114353,0.0,0.0,0.0,0.0,1.0,0.0,1.0,0.0,1
-0.4695281232774943,0.0,0.0,0.0,1.0,0.0,0.0,1.0,0.0,1
-0.27598437462554226,1.0,0.0,0.0,0.0,0.0,1.0,0.0,0.0,1
-0.2095525678817073,0.0,0.0,1.0,0.0,0.0,0.0,1.0,0.0,1
0.35104368873870645,0.0,0.0,1.0,0.0,0.0,1.0,0.0,0.0,1
-0.30493445490929144,1.0,0.0,0.0,0.0,0.0,0.0,1.0,0.0,1
-0.576413353464184,0.0,0.0,0.0,1.0,0.0,0.0,0.0,1.0,1
-0.13957389699714817,0.0,0.0,0.0,1.0,0.0,1.0,0.0,0.0,1
-0.30493445490929144,1.0,0.0,0.0,0.0,0.0,0.0,1.0,0.0,1
-0.13957389699714817,0.0,0.0,0.0,1.0,0.0,1.0,0.0,0.0,1
0.05071057109305732,0.0,0.0,0.0,0.0,1.0,0.0,0.0,1.0,1
-0.32957078150837593,0.0,0.0,1.0,0.0,0.0,0.0,1.0,0.0,1
-0.5796726340259305,0.0,1.0,0.0,0.0,0.0,0.0,1.0,0.0,1
0.5868622235003716,0.0,0.0,0.0,1.0,0.0,1.0,0.0,0.0,1
0.380952380952381,0.0,0.0,0.0,0.0,1.0,0.0,1.0,0.0,1
-0.30493445490929144,1.0,0.0,0.0,0.0,0.0,0.0,1.0,0.0,1
1.1848443453878788,0.0,0.0,0.0,0.0,1.0,0.0,1.0,0.0,1
0.3914012509885686,1.0,0.0,0.0,0.0,0.0,0.0,0.0,1.0,1
-0.1431207611378724,1.0,0.0,0.0,0.0,0.0,1.0,0.0,0.0,1
-0.13957389699714817,0.0,0.0,0.0,1.0,0.0,1.0,0.0,0.0,1
-0.27598437462554226,1.0,0.0,0.0,0.0,0.0,1.0,0.0,0.0,1
0.8143408344716851,0.0,1.0,0.0,0.0,0.0,0.0,0.0,1.0,1
-0.576413353464184,0.0,0.0,0.0,1.0,0.0,0.0,0.0,1.0,1
-0.13391808661058788,0.0,0.0,0.0,1.0,0.0,0.0,0.0,1.0,1
1.1848443453878788,0.0,0.0,0.0,0.0,1.0,0.0,1.0,0.0,1
1.0736453615165242,1.0,0.0,0.0,0.0,0.0,1.0,0.0,0.0,1
1.0736453615165242,1.0,0.0,0.0,0.0,0.0,1.0,0.0,0.0,1
0.5868622235003716,0.0,0.0,0.0,1.0,0.0,1.0,0.0,0.0,1
0.380952380952381,0.0,0.0,0.0,0.0,1.0,0.0,1.0,0.0,1
0.3914012509885686,1.0,0.0,0.0,0.0,0.0,0.0,0.0,1.0,1
-0.1431207611378724,1.0,0.0,0.0,0.0,0.0,1.0,0.0,0.0,1
-0.13391808661058788,0.0,0.0,0.0,1.0,0.0,0.0,0.0,1.0,1
-0.6132240515733219,0.0,0.0,0.0,0.0,1.0,0.0,1.0,0.0,1
-0.41258657463992143,0.0,0.0,0.0,1.0,0.0,0.0,0.0,1.0,1
0.9535312866968633,0.0,0.0,0.0,1.0,0.0,0.0,1.0,0.0,1
-0.13957389699714817,0.0,0.0,0.0,1.0,0.0,1.0,0.0,0.0,1
0.05071057109305732,0.0,0.0,0.0,0.0,1.0,0.0,0.0,1.0,1
0.016296402808732985,0.0,0.0,0.0,1.0,0.0,0.0,0.0,1.0,1
-0.024252881827114353,0.0,0.0,0.0,0.0,1.0,0.0,1.0,0.0,1
3.4836916145421437,0.0,1.0,0.0,0.0,0.0,0.0,0.0,1.0,1
-0.32957078150837593,0.0,0.0,1.0,0.0,0.0,0.0,1.0,0.0,1
0.35104368873870645,0.0,0.0,1.0,0.0,0.0,1.0,0.0,0.0,1
-0.34011551273755614,0.0,1.0,0.0,0.0,0.0,0.0,1.0,0.0,1
0.05071057109305732,0.0,0.0,0.0,0.0,1.0,0.0,0.0,1.0,1
0.0005751671579553026,0.0,0.0,0.0,1.0,0.0,1.0,0.0,0.0,1
0.4883169171040334,0.0,0.0,1.0,0.0,0.0,0.0,0.0,1.0,1
0.3914012509885686,1.0,0.0,0.0,0.0,0.0,0.0,0.0,1.0,1
-0.6132240515733219,0.0,0.0,0.0,0.0,1.0,0.0,1.0,0.0,1
0.20207539482828865,1.0,0.0,0.0,0.0,0.0,1.0,0.0,0.0,1
3.4836916145421437,0.0,1.0,0.0,0.0,0.0,0.0,0.0,1.0,1
-0.30493445490929144,1.0,0.0,0.0,0.0,0.0,0.0,1.0,0.0,1
1.9577731444867836,0.0,0.0,0.0,0.0,1.0,1.0,0.0,0.0,1
0.8868118963740506,0.0,0.0,0.0,0.0,1.0,0.0,0.0,1.0,1
-0.2095525678817073,0.0,0.0,1.0,0.0,0.0,0.0,1.0,0.0,1
-0.024252881827114353,0.0,0.0,0.0,0.0,1.0,0.0,1.0,0.0,1
-0.32957078150837593,0.0,0.0,1.0,0.0,0.0,0.0,1.0,0.0,1
-0.27598437462554226,1.0,0.0,0.0,0.0,0.0,1.0,0.0,0.0,1
0.35219402305461694,0.0,1.0,0.0,0.0,0.0,0.0,0.0,1.0,1
-0.576413353464184,0.0,0.0,0.0,1.0,0.0,0.0,0.0,1.0,1
-0.6171543604860164,0.0,0.0,1.0,0.0,0.0,0.0,0.0,1.0,1
0.380952380952381,0.0,0.0,0.0,0.0,1.0,0.0,1.0,0.0,1
-0.30493445490929144,1.0,0.0,0.0,0.0,0.0,0.0,1.0,0.0,1
1.0736453615165242,1.0,0.0,0.0,0.0,0.0,1.0,0.0,0.0,1
0.0005751671579553026,0.0,0.0,0.0,1.0,0.0,1.0,0.0,0.0,1
0.016296402808732985,0.0,0.0,0.0,1.0,0.0,0.0,0.0,1.0,1
-0.5338509837754931,1.0,0.0,0.0,0.0,0.0,1.0,0.0,0.0,1
-0.30493445490929144,1.0,0.0,0.0,0.0,0.0,0.0,1.0,0.0,1
1.0736453615165242,1.0,0.0,0.0,0.0,0.0,1.0,0.0,0.0,1
-0.5088312124044384,0.0,1.0,0.0,0.0,0.0,1.0,0.0,0.0,1
0.35104368873870645,0.0,0.0,1.0,0.0,0.0,1.0,0.0,0.0,1
-0.5796726340259305,0.0,1.0,0.0,0.0,0.0,0.0,1.0,0.0,1
-0.4695281232774943,0.0,0.0,0.0,1.0,0.0,0.0,1.0,0.0,1
-0.5796726340259305,0.0,1.0,0.0,0.0,0.0,0.0,1.0,0.0,1
1.9577731444867836,0.0,0.0,0.0,0.0,1.0,1.0,0.0,0.0,1
1.0736453615165242,1.0,0.0,0.0,0.0,0.0,1.0,0.0,0.0,1
0.8868118963740506,0.0,0.0,0.0,0.0,1.0,0.0,0.0,1.0,1
-0.5088312124044384,0.0,1.0,0.0,0.0,0.0,1.0,0.0,0.0,1
0.35104368873870645,0.0,0.0,1.0,0.0,0.0,1.0,0.0,0.0,1
-0.5796726340259305,0.0,1.0,0.0,0.0,0.0,0.0,1.0,0.0,1
-0.27598437462554226,1.0,0.0,0.0,0.0,0.0,1.0,0.0,0.0,1
0.15203585208617923,1.0,0.0,0.0,0.0,0.0,0.0,0.0,1.0,1
3.4836916145421437,0.0,1.0,0.0,0.0,0.0,0.0,0.0,1.0,1
-0.6171543604860164,0.0,0.0,1.0,0.0,0.0,0.0,0.0,1.0,1
0.17446737124643522,0.0,0.0,0.0,1.0,0.0,1.0,0.0,0.0,1
0.8143408344716851,0.0,1.0,0.0,0.0,0.0,0.0,0.0,1.0,1
1.1848443453878788,0.0,0.0,0.0,0.0,1.0,0.0,1.0,0.0,1
0.8143408344716851,0.0,1.0,0.0,0.0,0.0,0.0,0.0,1.0,1
-0.41258657463992143,0.0,0.0,0.0,1.0,0.0,0.0,0.0,1.0,1
0.20207539482828865,1.0,0.0,0.0,0.0,0.0,1.0,0.0,0.0,1
-0.576413353464184,0.0,0.0,0.0,1.0,0.0,0.0,0.0,1.0,1
-0.1431207611378724,1.0,0.0,0.0,0.0,0.0,1.0,0.0,0.0,1
-0.30493445490929144,1.0,0.0,0.0,0.0,0.0,0.0,1.0,0.0,1
-0.4695281232774943,0.0,0.0,0.0,1.0,0.0,0.0,1.0,0.0,1
0.9535312866968633,0.0,0.0,0.0,1.0,0.0,0.0,1.0,0.0,1
0.5868622235003716,0.0,0.0,0.0,1.0,0.0,1.0,0.0,0.0,1
-0.6109233829415008,0.0,0.0,0.0,1.0,0.0,0.0,1.0,0.0,1
0.380952380952381,0.0,0.0,0.0,0.0,1.0,0.0,1.0,0.0,1
0.8868118963740506,0.0,0.0,0.0,0.0,1.0,0.0,0.0,1.0,1
-0.5088312124044384,0.0,1.0,0.0,0.0,0.0,1.0,0.0,0.0,1
1.1848443453878788,0.0,0.0,0.0,0.0,1.0,0.0,1.0,0.0,1
-0.13391808661058788,0.0,0.0,0.0,1.0,0.0,0.0,0.0,1.0,1
-0.41258657463992143,0.0,0.0,0.0,1.0,0.0,0.0,0.0,1.0,1
-0.13957389699714817,0.0,0.0,0.0,1.0,0.0,1.0,0.0,0.0,1
0.016296402808732985,0.0,0.0,0.0,1.0,0.0,0.0,0.0,1.0,1
0.17446737124643522,0.0,0.0,0.0,1.0,0.0,1.0,0.0,0.0,1
1.1848443453878788,0.0,0.0,0.0,0.0,1.0,0.0,1.0,0.0,1
1.9577731444867836,0.0,0.0,0.0,0.0,1.0,1.0,0.0,0.0,1
3.4836916145421437,0.0,1.0,0.0,0.0,0.0,0.0,0.0,1.0,1
-0.13957389699714817,0.0,0.0,0.0,1.0,0.0,1.0,0.0,0.0,1
0.2850911879598342,0.0,0.0,0.0,1.0,0.0,0.0,1.0,0.0,1
-0.5796726340259305,0.0,1.0,0.0,0.0,0.0,0.0,1.0,0.0,1
1.9577731444867836,0.0,0.0,0.0,0.0,1.0,1.0,0.0,0.0,1
-0.5796726340259305,0.0,1.0,0.0,0.0,0.0,0.0,1.0,0.0,1
-0.576413353464184,0.0,0.0,0.0,1.0,0.0,0.0,0.0,1.0,1
-0.5338509837754931,1.0,0.0,0.0,0.0,0.0,1.0,0.0,0.0,1
1.9577731444867836,0.0,0.0,0.0,0.0,1.0,1.0,0.0,0.0,1
-0.5796726340259305,0.0,1.0,0.0,0.0,0.0,0.0,1.0,0.0,1
-0.5796726340259305,0.0,1.0,0.0,0.0,0.0,0.0,1.0,0.0,1
0.20207539482828865,1.0,0.0,0.0,0.0,0.0,1.0,0.0,0.0,1
-0.576413353464184,0.0,0.0,0.0,1.0,0.0,0.0,0.0,1.0,1
0.0005751671579553026,0.0,0.0,0.0,1.0,0.0,1.0,0.0,0.0,1
-0.024252881827114353,0.0,0.0,0.0,0.0,1.0,0.0,1.0,0.0,1
0.05071057109305732,0.0,0.0,0.0,0.0,1.0,0.0,0.0,1.0,1
0.15203585208617923,1.0,0.0,0.0,0.0,0.0,0.0,0.0,1.0,1
-0.4695281232774943,0.0,0.0,0.0,1.0,0.0,0.0,1.0,0.0,1
0.35104368873870645,0.0,0.0,1.0,0.0,0.0,1.0,0.0,0.0,1
-0.5796726340259305,0.0,1.0,0.0,0.0,0.0,0.0,1.0,0.0,1
-0.6132240515733219,0.0,0.0,0.0,0.0,1.0,0.0,1.0,0.0,1
0.35104368873870645,0.0,0.0,1.0,0.0,0.0,1.0,0.0,0.0,1
-0.1431207611378724,1.0,0.0,0.0,0.0,0.0,1.0,0.0,0.0,1
-0.6171543604860164,0.0,0.0,1.0,0.0,0.0,0.0,0.0,1.0,1
0.9535312866968633,0.0,0.0,0.0,1.0,0.0,0.0,1.0,0.0,1
0.3914012509885686,1.0,0.0,0.0,0.0,0.0,0.0,0.0,1.0,1
-0.27598437462554226,1.0,0.0,0.0,0.0,0.0,1.0,0.0,0.0,1
0.4883169171040334,0.0,0.0,1.0,0.0,0.0,0.0,0.0,1.0,1
0.016296402808732985,0.0,0.0,0.0,1.0,0.0,0.0,0.0,1.0,1
0.7609461499748367,0.0,1.0,0.0,0.0,0.0,0.0,0.0,1.0,1
0.3914012509885686,1.0,0.0,0.0,0.0,0.0,0.0,0.0,1.0,1
0.15203585208617923,1.0,0.0,0.0,0.0,0.0,0.0,0.0,1.0,1
0.8868118963740506,0.0,0.0,0.0,0.0,1.0,0.0,0.0,1.0,1
0.9535312866968633,0.0,0.0,0.0,1.0,0.0,0.0,1.0,0.0,1
0.17446737124643522,0.0,0.0,0.0,1.0,0.0,1.0,0.0,0.0,1
-0.41258657463992143,0.0,0.0,0.0,1.0,0.0,0.0,0.0,1.0,1
0.8143408344716851,0.0,1.0,0.0,0.0,0.0,0.0,0.0,1.0,1
-0.5338509837754931,1.0,0.0,0.0,0.0,0.0,1.0,0.0,0.0,1
-0.27598437462554226,1.0,0.0,0.0,0.0,0.0,1.0,0.0,0.0,1
-0.2095525678817073,0.0,0.0,1.0,0.0,0.0,0.0,1.0,0.0,1
0.0005751671579553026,0.0,0.0,0.0,1.0,0.0,1.0,0.0,0.0,1
0.35104368873870645,0.0,0.0,1.0,0.0,0.0,1.0,0.0,0.0,1
0.15203585208617923,1.0,0.0,0.0,0.0,0.0,0.0,0.0,1.0,1
0.20447192465310232,0.0,1.0,0.0,0.0,0.0,0.0,0.0,1.0,1
-0.1431207611378724,1.0,0.0,0.0,0.0,0.0,1.0,0.0,0.0,1
0.8868118963740506,0.0,0.0,0.0,0.0,1.0,0.0,0.0,1.0,1
0.8143408344716851,0.0,1.0,0.0,0.0,0.0,0.0,0.0,1.0,1
-0.6171543604860164,0.0,0.0,1.0,0.0,0.0,0.0,0.0,1.0,1
-0.5796726340259305,0.0,1.0,0.0,0.0,0.0,0.0,1.0,0.0,1
-0.024252881827114353,0.0,0.0,0.0,0.0,1.0,0.0,1.0,0.0,1
0.3914012509885686,1.0,0.0,0.0,0.0,0.0,0.0,0.0,1.0,1
0.380952380952381,0.0,0.0,0.0,0.0,1.0,0.0,1.0,0.0,1
0.3914012509885686,1.0,0.0,0.0,0.0,0.0,0.0,0.0,1.0,1
3.4836916145421437,0.0,1.0,0.0,0.0,0.0,0.0,0.0,1.0,1
-0.5088312124044384,0.0,1.0,0.0,0.0,0.0,1.0,0.0,0.0,1
-0.13391808661058788,0.0,0.0,0.0,1.0,0.0,0.0,0.0,1.0,1
0.20207539482828865,1.0,0.0,0.0,0.0,0.0,1.0,0.0,0.0,1
0.20207539482828865,1.0,0.0,0.0,0.0,0.0,1.0,0.0,0.0,1
0.016296402808732985,0.0,0.0,0.0,1.0,0.0,0.0,0.0,1.0,1
0.016296402808732985,0.0,0.0,0.0,1.0,0.0,0.0,0.0,1.0,1
-0.30493445490929144,1.0,0.0,0.0,0.0,0.0,0.0,1.0,0.0,1
-0.024252881827114353,0.0,0.0,0.0,0.0,1.0,0.0,1.0,0.0,1
0.8143408344716851,0.0,1.0,0.0,0.0,0.0,0.0,0.0,1.0,1
0.5868622235003716,0.0,0.0,0.0,1.0,0.0,1.0,0.0,0.0,1
0.05071057109305732,0.0,0.0,0.0,0.0,1.0,0.0,0.0,1.0,1
0.8868118963740506,0.0,0.0,0.0,0.0,1.0,0.0,0.0,1.0,1
0.35104368873870645,0.0,0.0,1.0,0.0,0.0,1.0,0.0,0.0,1
0.35219402305461694,0.0,1.0,0.0,0.0,0.0,0.0,0.0,1.0,1
0.8868118963740506,0.0,0.0,0.0,0.0,1.0,0.0,0.0,1.0,1
-0.34011551273755614,0.0,1.0,0.0,0.0,0.0,0.0,1.0,0.0,1
0.17446737124643522,0.0,0.0,0.0,1.0,0.0,1.0,0.0,0.0,1
0.20447192465310232,0.0,1.0,0.0,0.0,0.0,0.0,0.0,1.0,1
-0.5796726340259305,0.0,1.0,0.0,0.0,0.0,0.0,1.0,0.0,1
0.380952380952381,0.0,0.0,0.0,0.0,1.0,0.0,1.0,0.0,1
1.9577731444867836,0.0,0.0,0.0,0.0,1.0,1.0,0.0,0.0,1
1.0736453615165242,1.0,0.0,0.0,0.0,0.0,1.0,0.0,0.0,1
-0.5338509837754931,1.0,0.0,0.0,0.0,0.0,1.0,0.0,0.0,1
0.20447192465310232,0.0,1.0,0.0,0.0,0.0,0.0,0.0,1.0,1
-0.5088312124044384,0.0,1.0,0.0,0.0,0.0,1.0,0.0,0.0,1
-0.13957389699714817,0.0,0.0,0.0,1.0,0.0,1.0,0.0,0.0,1
0.8868118963740506,0.0,0.0,0.0,0.0,1.0,0.0,0.0,1.0,1
0.3914012509885686,1.0,0.0,0.0,0.0,0.0,0.0,0.0,1.0,1
0.7609461499748367,0.0,1.0,0.0,0.0,0.0,0.0,0.0,1.0,1
0.7609461499748367,0.0,1.0,0.0,0.0,0.0,0.0,0.0,1.0,1
-0.024252881827114353,0.0,0.0,0.0,0.0,1.0,0.0,1.0,0.0,1
-0.13391808661058788,0.0,0.0,0.0,1.0,0.0,0.0,0.0,1.0,1
-0.6109233829415008,0.0,0.0,0.0,1.0,0.0,0.0,1.0,0.0,1
0.20207539482828865,1.0,0.0,0.0,0.0,0.0,1.0,0.0,0.0,1
0.8143408344716851,0.0,1.0,0.0,0.0,0.0,0.0,0.0,1.0,1
0.5868622235003716,0.0,0.0,0.0,1.0,0.0,1.0,0.0,0.0,1
0.4883169171040334,0.0,0.0,1.0,0.0,0.0,0.0,0.0,1.0,1
-0.41258657463992143,0.0,0.0,0.0,1.0,0.0,0.0,0.0,1.0,1
1.0736453615165242,1.0,0.0,0.0,0.0,0.0,1.0,0.0,0.0,1
3.4836916145421437,0.0,1.0,0.0,0.0,0.0,0.0,0.0,1.0,1
0.20447192465310232,0.0,1.0,0.0,0.0,0.0,0.0,0.0,1.0,1
3.4836916145421437,0.0,1.0,0.0,0.0,0.0,0.0,0.0,1.0,1
0.20447192465310232,0.0,1.0,0.0,0.0,0.0,0.0,0.0,1.0,1
0.9535312866968633,0.0,0.0,0.0,1.0,0.0,0.0,1.0,0.0,1
0.7609461499748367,0.0,1.0,0.0,0.0,0.0,0.0,0.0,1.0,1
-0.6109233829415008,0.0,0.0,0.0,1.0,0.0,0.0,1.0,0.0,1
0.0005751671579553026,0.0,0.0,0.0,1.0,0.0,1.0,0.0,0.0,1
0.20447192465310232,0.0,1.0,0.0,0.0,0.0,0.0,0.0,1.0,1
3.4836916145421437,0.0,1.0,0.0,0.0,0.0,0.0,0.0,1.0,1
0.15203585208617923,1.0,0.0,0.0,0.0,0.0,0.0,0.0,1.0,1
0.2850911879598342,0.0,0.0,0.0,1.0,0.0,0.0,1.0,0.0,1
-0.6109233829415008,0.0,0.0,0.0,1.0,0.0,0.0,1.0,0.0,1
0.7609461499748367,0.0,1.0,0.0,0.0,0.0,0.0,0.0,1.0,1
-0.024252881827114353,0.0,0.0,0.0,0.0,1.0,0.0,1.0,0.0,1
0.3914012509885686,1.0,0.0,0.0,0.0,0.0,0.0,0.0,1.0,1
-0.6132240515733219,0.0,0.0,0.0,0.0,1.0,0.0,1.0,0.0,1
0.35219402305461694,0.0,1.0,0.0,0.0,0.0,0.0,0.0,1.0,1
0.016296402808732985,0.0,0.0,0.0,1.0,0.0,0.0,0.0,1.0,1
-0.024252881827114353,0.0,0.0,0.0,0.0,1.0,0.0,1.0,0.0,1
0.016296402808732985,0.0,0.0,0.0,1.0,0.0,0.0,0.0,1.0,1
-0.024252881827114353,0.0,0.0,0.0,0.0,1.0,0.0,1.0,0.0,1
-0.4695281232774943,0.0,0.0,0.0,1.0,0.0,0.0,1.0,0.0,1
0.2850911879598342,0.0,0.0,0.0,1.0,0.0,0.0,1.0,0.0,1
0.3914012509885686,1.0,0.0,0.0,0.0,0.0,0.0,0.0,1.0,1
0.20447192465310232,0.0,1.0,0.0,0.0,0.0,0.0,0.0,1.0,1
-0.6171543604860164,0.0,0.0,1.0,0.0,0.0,0.0,0.0,1.0,1
0.4883169171040334,0.0,0.0,1.0,0.0,0.0,0.0,0.0,1.0,1
0.35104368873870645,0.0,0.0,1.0,0.0,0.0,1.0,0.0,0.0,1
-0.41258657463992143,0.0,0.0,0.0,1.0,0.0,0.0,0.0,1.0,1
-0.13391808661058788,0.0,0.0,0.0,1.0,0.0,0.0,0.0,1.0,1
1.1848443453878788,0.0,0.0,0.0,0.0,1.0,0.0,1.0,0.0,1
